Date,Close,Future_Return_5D,Predicted_Return,Signal,Signal_Strength,Predicted_Return_Percent,Volatility_20,Volatility_Percent,Risk_Score,Risk_Level
2024-06-04,3443.46240234375,0.0369045254034514,0.022836223,BUY,Strong,2.2836223,0.0113109652990184,1.13109652990184,35,Low
2024-06-05,3472.61376953125,0.0227414199245687,0.020901892,BUY,Strong,2.0901892,0.0108913360402614,1.08913360402614,35,Low
2024-06-06,3550.42724609375,0.0124661080759564,0.0064853826,BUY,Weak,0.64853826,0.0122431871180782,1.22431871180782,35,Low
2024-06-07,3609.33251953125,-0.0158964939116572,-0.004898918,AVOID,Weak,-0.4898918,0.0128635248887406,1.28635248887406,35,Low
2024-06-10,3576.658935546875,-0.0112990482249311,-0.014075351,AVOID,Moderate,-1.4075351,0.0124580112172262,1.2458011217226201,35,Low
2024-06-11,3570.541748046875,-0.0130838836319249,-0.0041480013,HOLD,Weak,-0.41480013,0.0120251774840466,1.2025177484046599,35,Low
2024-06-12,3551.5859375,-0.0115875830119906,-0.0066138706,AVOID,Weak,-0.66138706,0.0117977994436944,1.1797799443694401,35,Low
2024-06-13,3594.687255859375,-0.0173794348063708,-0.010609607,AVOID,Moderate,-1.0609607,0.0120626154274189,1.20626154274189,35,Low
2024-06-14,3551.956787109375,-0.0039794306271678,0.0039888667,HOLD,Weak,0.3988866699999999,0.0120017910852249,1.20017910852249,35,Low
2024-06-18,3536.24609375,0.0061203507426992,-0.009149393,AVOID,Weak,-0.9149393,0.0114145272205379,1.14145272205379,35,Low
2024-06-19,3523.8251953125,0.0142435823996085,-0.0028913002,HOLD,Weak,-0.28913002,0.0114127624907543,1.14127624907543,35,Low
2024-06-20,3510.431640625,0.0387879929295553,-0.0018166396,HOLD,Weak,-0.18166396,0.0114128497774257,1.14128497774257,35,Low
2024-06-21,3532.213623046875,0.0245096971947713,-0.0072561586,AVOID,Weak,-0.72561586,0.0108603527323225,1.08603527323225,35,Low
2024-06-24,3537.822021484375,0.0422866210210683,-0.0023844582,HOLD,Weak,-0.23844582,0.0105979115787979,1.05979115787979,35,Low
2024-06-25,3557.88916015625,0.0466203722828215,-0.0023123089,HOLD,Weak,-0.23123089,0.0106832035204246,1.06832035204246,35,Low
2024-06-26,3574.01708984375,0.0283725707475026,-0.0055807773,AVOID,Weak,-0.55807773,0.0107220277150231,1.07220277150231,35,Low
2024-06-27,3646.59423828125,0.0220632077903384,-0.0075968285,AVOID,Weak,-0.7596828499999999,0.0113501729360634,1.13501729360634,35,Low
2024-06-28,3618.787109375,0.027573119662525,-0.017758457,AVOID,Moderate,-1.7758457,0.0106372644441457,1.06372644441457,35,Low
2024-07-01,3687.424560546875,0.0037706677129452,-0.009535318,AVOID,Weak,-0.9535318,0.0101955088654622,1.0195508865462202,35,Low
2024-07-02,3723.75927734375,-0.0079404594048012,-0.012838493,AVOID,Moderate,-1.2838493,0.0102265006182274,1.0226500618227399,35,Low
2024-07-03,3675.421142578125,-0.0141479721213388,0.0004928652,HOLD,Weak,0.0492865199999999,0.0109208351725935,1.0920835172593502,35,Low
2024-07-04,3727.0498046875,-0.0241858441466904,-0.017978372,AVOID,Moderate,-1.7978372,0.0111285492811812,1.11285492811812,35,Low
2024-07-05,3718.568359375,0.0429111689804175,-0.011799937,AVOID,Moderate,-1.1799937,0.0102684711373759,1.02684711373759,35,Low
2024-07-08,3701.32861328125,0.0440749145055994,-0.02305565,AVOID,Strong,-2.305565,0.0098074642280443,0.98074642280443,20,Low
2024-07-09,3694.19091796875,0.0484131481238425,-0.011432252,AVOID,Moderate,-1.1432252,0.0095371392774342,0.9537139277434201,20,Low
2024-07-10,3623.42138671875,0.1039610865022442,-0.005610373,AVOID,Weak,-0.5610373,0.0106003586280924,1.06003586280924,35,Low
2024-07-11,3636.907958984375,0.0990627837233226,-0.010537389,AVOID,Moderate,-1.0537389,0.0105189841714636,1.0518984171463601,35,Low
2024-07-12,3878.136474609375,0.0270933676603872,-0.012714693,AVOID,Moderate,-1.2714693,0.0178785281977692,1.7878528197769201,50,Moderate
2024-07-15,3864.46435546875,0.0343332672514471,-0.008307988,AVOID,Weak,-0.8307988000000001,0.0175840382405927,1.7584038240592699,50,Moderate
2024-07-16,3873.038330078125,0.0329790818373589,-0.002806109,HOLD,Weak,-0.2806109,0.0174716342058415,1.74716342058415,50,Moderate
2024-07-18,4000.1162109375,0.0039368973411173,-0.016696533,AVOID,Moderate,-1.6696533,0.0184344014808333,1.84344014808333,50,Moderate
2024-07-19,3997.190185546875,0.0198611805619559,-0.012439832,AVOID,Moderate,-1.2439832,0.0183566033388712,1.83566033388712,50,Moderate
2024-07-22,3983.208251953125,0.0218666973619297,-0.02277109,AVOID,Strong,-2.2771090000000003,0.0184972087848103,1.8497208784810302,50,Moderate
2024-07-23,3997.14404296875,0.0146432065570254,-0.02620115,AVOID,Strong,-2.620115,0.0184771405413121,1.8477140541312098,50,Moderate
2024-07-24,4000.767578125,0.018368728559412,-0.038811132,AVOID,Very Strong,-3.8811132,0.0185160791812486,1.8516079181248601,50,Moderate
2024-07-25,4015.8642578125,0.0172586993236054,-0.040923074,AVOID,Very Strong,-4.092307399999999,0.0185201149908586,1.85201149908586,50,Moderate
2024-07-26,4076.5791015625,-0.023884353192314,-0.047234237,AVOID,Very Strong,-4.7234237,0.0183447337040689,1.8344733704068898,50,Moderate
2024-07-29,4070.307861328125,-0.0515968078418515,-0.037587862,AVOID,Very Strong,-3.7587862,0.0181608145721025,1.8160814572102502,50,Moderate
2024-07-30,4055.675048828125,-0.0444753791601214,-0.036917496,AVOID,Very Strong,-3.6917496,0.0180162994264353,1.80162994264353,50,Moderate
2024-07-31,4074.256591796875,-0.0421632589102869,-0.042036332,AVOID,Very Strong,-4.2036332000000005,0.0179788520296265,1.79788520296265,50,Moderate
2024-08-01,4085.1728515625,-0.0510678743177798,-0.03866458,AVOID,Very Strong,-3.866458,0.0175050284010097,1.75050284010097,50,Moderate
2024-08-02,3979.212646484375,-0.0126778230740748,-0.03454244,AVOID,Very Strong,-3.454244,0.0187119944326013,1.8711994432601302,50,Moderate
2024-08-05,3860.29296875,0.009771271509307,-0.017646333,AVOID,Moderate,-1.7646333,0.0201212957597248,2.01212957597248,65,Moderate
2024-08-06,3875.29736328125,0.0061733543885051,-0.016437292,AVOID,Moderate,-1.6437292,0.0200621760037494,2.00621760037494,65,Moderate
2024-08-07,3902.47265625,0.0225690117343471,-0.014828523,AVOID,Moderate,-1.4828523,0.0200582371156715,2.00582371156715,65,Moderate
2024-08-08,3876.5517578125,0.0583575528851978,-0.017315755,AVOID,Moderate,-1.7315755,0.0195208380979238,1.95208380979238,50,Moderate
2024-08-09,3928.764892578125,0.0617794771772026,-0.009592406,AVOID,Weak,-0.9592406,0.019646382160045,1.9646382160045,50,Moderate
2024-08-12,3898.012939453125,0.0780928609397026,-0.0064989715,AVOID,Weak,-0.64989715,0.0132201908488203,1.3220190848820301,35,Low
2024-08-13,3899.220947265625,0.0844778250663427,-0.012841492,AVOID,Moderate,-1.2841492,0.01318896817766,1.318896817766,35,Low
2024-08-14,3990.547607421875,0.0481345596769415,-0.010012439,AVOID,Moderate,-1.0012439,0.0141490357900107,1.41490357900107,35,Low
2024-08-16,4102.77783203125,0.0108357178450337,-0.035204947,AVOID,Very Strong,-3.5204947,0.0136341800938258,1.36341800938258,35,Low
2024-08-19,4171.48193359375,0.0027728502041683,-0.044409268,AVOID,Very Strong,-4.4409268,0.0140471547575499,1.40471547575499,35,Low
2024-08-20,4202.419921875,-0.0057811742583212,-0.04024824,AVOID,Very Strong,-4.024824,0.0140249002348148,1.4024900234814799,35,Low
2024-08-21,4228.61865234375,-0.0099855534697711,-0.042317897,AVOID,Very Strong,-4.2317897,0.0140456433869925,1.4045643386992501,35,Low
2024-08-22,4182.630859375,0.0021767381568214,-0.03094766,AVOID,Very Strong,-3.094766,0.0143773718582189,1.4377371858218901,35,Low
2024-08-23,4147.234375,0.0201280126439682,-0.034567475,AVOID,Very Strong,-3.4567475,0.01457146577976,1.457146577976,35,Low
2024-08-26,4183.048828125,0.004131023602047,-0.0338136,AVOID,Very Strong,-3.38136,0.0143275920999724,1.43275920999724,35,Low
2024-08-27,4178.125,0.0033798850037396,-0.035282314,AVOID,Very Strong,-3.5282314,0.014323936263414,1.4323936263413999,35,Low
2024-08-28,4186.3935546875,-0.0059475836315892,-0.039809413,AVOID,Very Strong,-3.9809413,0.0142756614667713,1.42756614667713,35,Low
2024-08-29,4191.7353515625,-0.0079457880404077,-0.043808423,AVOID,Very Strong,-4.3808423,0.0142594796099639,1.42594796099639,35,Low
2024-08-30,4230.7099609375,-0.0213011861973705,-0.038576767,AVOID,Very Strong,-3.8576767,0.0143642395813303,1.43642395813303,35,Low
2024-09-02,4200.3291015625,-0.0158147717684882,-0.034175325,AVOID,Very Strong,-3.4175325,0.0130022327722687,1.30022327722687,35,Low
2024-09-03,4192.24658203125,-0.0009972371569026,-0.047634758,AVOID,Very Strong,-4.7634758,0.0105822169974396,1.05822169974396,35,Low
2024-09-04,4161.49462890625,2.2293297426312364e-05,-0.04133847,AVOID,Very Strong,-4.133847,0.0108919067424717,1.08919067424717,35,Low
2024-09-05,4158.4287109375,0.0093276996950142,-0.026200661,AVOID,Strong,-2.6200661,0.0109028824049563,1.09028824049563,35,Low
2024-09-06,4140.5908203125,0.0147752398899518,-0.029576782,AVOID,Strong,-2.9576782,0.0108029157407829,1.08029157407829,35,Low
2024-09-09,4133.90185546875,0.0143161697336158,-0.030826114,AVOID,Very Strong,-3.0826114,0.0105839834141005,1.05839834141005,35,Low
2024-09-10,4188.06591796875,-0.000488156975987,-0.025719874,AVOID,Strong,-2.5719874,0.0105332247704147,1.05332247704147,35,Low
2024-09-11,4161.58740234375,-0.0297364251804924,-0.030835778,AVOID,Very Strong,-3.0835778,0.0107460744771044,1.0746074477104401,35,Low
2024-09-12,4197.21728515625,-0.0490405252456955,-0.036908116,AVOID,Very Strong,-3.6908116,0.0097503238334074,0.97503238334074,20,Low
2024-09-13,4201.76904296875,-0.0525581382376726,-0.028948667,AVOID,Strong,-2.8948667,0.007674611218904,0.7674611218904,20,Low
2024-09-16,4193.08349609375,-0.0542293478786156,-0.031307887,AVOID,Very Strong,-3.1307887,0.0067713758419134,0.67713758419134,20,Low
2024-09-17,4186.021484375,-0.0520123593078339,-0.02280893,AVOID,Strong,-2.2808930000000003,0.006569332284769,0.6569332284768999,20,Low
2024-09-18,4037.836669921875,-0.0164284022611069,-0.009126047,AVOID,Weak,-0.9126047,0.0100865032615178,1.00865032615178,35,Low
2024-09-19,3991.383544921875,-0.0008495473067074,0.008381698,BUY,Weak,0.8381698,0.0101157334044091,1.01157334044091,35,Low
2024-09-20,3980.931884765625,0.0055544935675724,0.0017234234,HOLD,Weak,0.17234234,0.0100118594974625,1.00118594974625,35,Low
2024-09-23,3965.6953125,0.0,-0.0009822458,HOLD,Weak,-0.0982245799999999,0.009698247350879,0.9698247350878999,20,Low
2024-09-24,3968.296630859375,0.0038863937643467,-0.002042631,HOLD,Weak,-0.2042631,0.0097212265096784,0.97212265096784,20,Low
2024-09-25,3971.50146484375,-0.0098250659145634,-0.0043433527,HOLD,Weak,-0.43433527,0.0096961426497217,0.96961426497217,20,Low
2024-09-26,3987.99267578125,-0.0093768415417913,-0.0030904748,HOLD,Weak,-0.30904748,0.0097774332464613,0.97774332464613,20,Low
2024-09-27,4003.0439453125,-0.0083206334437392,-0.0052401996,AVOID,Weak,-0.5240199600000001,0.0095024972249347,0.95024972249347,20,Low
2024-09-30,3965.6953125,-0.0035726316909274,-0.0029109935,HOLD,Weak,-0.29109935,0.0095675428972225,0.95675428972225,20,Low
2024-10-01,3983.718994140625,-0.0081507292285194,-0.0040201345,HOLD,Weak,-0.4020134499999999,0.009707951699788,0.9707951699788,20,Low
2024-10-03,3932.481201171875,-0.0012640119229352,-0.00025113163,HOLD,Weak,-0.025113163,0.0099288897818114,0.99288897818114,20,Low
2024-10-04,3950.597900390625,-0.0242341803360089,-0.004293836,HOLD,Weak,-0.4293836,0.0100577924024699,1.00577924024699,35,Low
2024-10-07,3969.736083984375,-0.031875692303075,-0.003410109,HOLD,Weak,-0.3410109,0.0101794450615002,1.0179445061500199,35,Low
2024-10-08,3951.52734375,-0.0320815181234312,0.0009977923,HOLD,Weak,0.09977923,0.0101943683192073,1.01943683192073,35,Low
2024-10-09,3951.248779296875,-0.0371507227831391,0.011253548,BUY,Moderate,1.1253548,0.0095591871295941,0.95591871295941,20,Low
2024-10-10,3927.510498046875,-0.0280076257454505,0.009467127,BUY,Weak,0.9467127,0.009553450789223,0.9553450789222999,20,Low
2024-10-11,3854.8583984375,-0.0038782735362107,-0.0012732436,HOLD,Weak,-0.12732436,0.0097665670727207,0.97665670727207,20,Low
2024-10-14,3843.197998046875,-0.0113246700380434,-0.0042718216,HOLD,Weak,-0.42718216,0.0096925025505641,0.9692502550564099,20,Low
2024-10-15,3824.75634765625,-0.0222268294510692,-0.0013660166,HOLD,Weak,-0.13660166,0.0096770615174505,0.96770615174505,20,Low
2024-10-16,3804.45703125,-0.0045861350944256,-0.00087926834,HOLD,Weak,-0.087926834,0.0096546471867737,0.9654647186773699,20,Low
2024-10-17,3817.51025390625,-0.0124665190890915,-0.0008741119,HOLD,Weak,-0.08741119,0.006573536154841,0.6573536154841,20,Low
2024-10-18,3839.908203125,-0.0158862414822131,0.0074724997,BUY,Weak,0.74724997,0.0065075578303026,0.6507557830302599,20,Low
2024-10-21,3799.675048828125,0.0026962497885272,0.0045898566,BUY,Weak,0.45898566,0.0067838609901224,0.67838609901224,20,Low
2024-10-22,3739.744140625,0.0148798223683626,0.021279242,BUY,Strong,2.1279242,0.0074208527217462,0.74208527217462,20,Low
2024-10-23,3787.00927734375,0.0045248746260053,0.013979469,BUY,Moderate,1.3979469,0.0081692563335755,0.8169256333575501,20,Low
2024-10-24,3769.919189453125,-0.0196275137228428,0.0026144444,HOLD,Weak,0.26144444,0.0081492183422299,0.81492183422299,20,Low
2024-10-25,3778.906494140625,-0.0180774486977046,0.0047864644,BUY,Weak,0.47864644,0.0080817600309685,0.8081760030968501,20,Low
2024-10-28,3809.919921875,-0.0309716514095861,0.0012544336,HOLD,Weak,0.12544336,0.0083245801231949,0.83245801231949,20,Low
2024-10-29,3795.390869140625,-0.0254953694927434,-0.00037774383,HOLD,Weak,-0.0377743829999999,0.0081741720297312,0.81741720297312,20,Low
2024-10-30,3804.14501953125,0.0134651514095502,-0.01171028,AVOID,Moderate,-1.171028,0.0080924474030798,0.80924474030798,20,Low
2024-10-31,3695.925048828125,0.0459750692753162,0.015816245,BUY,Moderate,1.5816245,0.0097471819540897,0.97471819540897,20,Low
2024-11-01,3710.593505859375,0.0408614193249887,0.017138015,BUY,Moderate,1.7138015,0.0097218045894684,0.97218045894684,20,Low
2024-11-04,3691.92041015625,0.0591678169694089,0.023371384,BUY,Strong,2.3371384,0.0095471803630722,0.95471803630722,20,Low
2024-11-05,3698.6259765625,0.0569202219046187,0.0080860285,BUY,Weak,0.80860285,0.0096186416254364,0.9618641625436399,20,Low
2024-11-06,3855.368408203125,0.0025847303903363,-0.023945779,AVOID,Strong,-2.3945779,0.0140304583387923,1.40304583387923,35,Low
2024-11-07,3865.845458984375,-0.0012045215438716,-0.02537487,AVOID,Strong,-2.537487,0.0140065943080313,1.4006594308031302,35,Low
2024-11-08,3862.213623046875,-0.0307450358974962,-0.034687445,AVOID,Very Strong,-3.4687445,0.0133679129924081,1.33679129924081,35,Low
2024-11-11,3910.36328125,-0.0379045240361899,-0.04206486,AVOID,Very Strong,-4.206486,0.0136189397624347,1.36189397624347,35,Low
2024-11-12,3909.152587890625,-0.0296730760499276,-0.037112758,AVOID,Very Strong,-3.7112758,0.0135559903053604,1.3555990305360401,35,Low
2024-11-13,3865.33349609375,0.0227089931877695,-0.03671533,AVOID,Very Strong,-3.671533,0.0137672057198052,1.37672057198052,35,Low
2024-11-14,3861.18896484375,0.0408114101228989,-0.02733931,AVOID,Strong,-2.733931,0.0137601689555917,1.3760168955591698,35,Low
2024-11-18,3743.4697265625,0.0828957875341773,-0.017662533,AVOID,Moderate,-1.7662533,0.015345767246667,1.5345767246667001,50,Moderate
2024-11-19,3762.142822265625,0.0725326460795534,-0.02396612,AVOID,Strong,-2.396612,0.0152408170225644,1.5240817022564401,50,Moderate
2024-11-21,3793.156005859375,0.0422431513583232,-0.032150857,AVOID,Very Strong,-3.2150857,0.0149071888084762,1.49071888084762,35,Low
2024-11-22,3953.111328125,0.0061842481668661,-0.036392476,AVOID,Very Strong,-3.6392476,0.0173949154983395,1.7394915498339498,50,Moderate
2024-11-25,4018.76953125,-0.0089105807222943,-0.042721357,AVOID,Very Strong,-4.2721357,0.017600072547944,1.7600072547944001,50,Moderate
2024-11-26,4053.78759765625,-0.0114756321760718,-0.02546749,AVOID,Strong,-2.546749,0.0176387077903128,1.7638707790312802,50,Moderate
2024-11-27,4035.02099609375,0.0050433079617988,-0.03572748,AVOID,Very Strong,-3.572748,0.0176981276833679,1.7698127683367901,50,Moderate
2024-11-28,3953.390869140625,0.0516265303056138,-0.03560294,AVOID,Very Strong,-3.560294,0.0183986850875491,1.83986850875491,50,Moderate
2024-11-29,3977.558349609375,0.0408935532414249,-0.039300565,AVOID,Very Strong,-3.9300565,0.0184195113344905,1.8419511334490501,50,Moderate
2024-12-02,3982.9599609375,0.0410368780481107,-0.034818534,AVOID,Very Strong,-3.4818534,0.0169393330705041,1.69393330705041,50,Moderate
2024-12-03,4007.267822265625,0.0301666850556991,-0.031376727,AVOID,Very Strong,-3.1376727,0.0169466315722297,1.6946631572229702,50,Moderate
2024-12-04,4055.370849609375,0.0167761346097801,-0.029644512,AVOID,Strong,-2.9644512,0.0168974355640194,1.6897435564019399,50,Moderate
2024-12-05,4157.49072265625,-0.0020383952581823,-0.03851745,AVOID,Very Strong,-3.851745,0.0174751992524528,1.7475199252452798,50,Moderate
2024-12-06,4140.21484375,0.0063884865953702,-0.03584962,AVOID,Very Strong,-3.584962,0.0153460314145091,1.53460314145091,50,Moderate
2024-12-09,4146.408203125,-0.0082993752593665,-0.029822785,AVOID,Strong,-2.9822785,0.015352500899687,1.5352500899687,50,Moderate
2024-12-10,4128.15380859375,-0.0234740626218661,-0.023737349,AVOID,Strong,-2.3737349,0.01542599007846,1.542599007846,50,Moderate
2024-12-11,4123.404296875,-0.0179789009290052,-0.020057444,AVOID,Strong,-2.0057444,0.0153070037917353,1.53070037917353,50,Moderate
2024-12-12,4149.01611328125,-0.0410892548532249,-0.028338471,AVOID,Strong,-2.8338471,0.0153074797265989,1.53074797265989,50,Moderate
2024-12-13,4166.66455078125,-0.0678603860228522,-0.036550246,AVOID,Very Strong,-3.6550246,0.0149330168877072,1.49330168877072,35,Low
2024-12-16,4111.99560546875,-0.058185446614546,-0.028972901,AVOID,Strong,-2.8972901,0.0153790680405529,1.5379068040552901,50,Moderate
2024-12-17,4031.249267578125,-0.0344229108084261,-0.023518596,AVOID,Strong,-2.3518596,0.0142776694963306,1.42776694963306,35,Low
2024-12-18,4049.27001953125,-0.0411120711017429,-0.015829252,AVOID,Moderate,-1.5829251999999998,0.0142758819569371,1.42758819569371,35,Low
2024-12-19,3978.5361328125,-0.0250590264507718,-0.004145317,HOLD,Weak,-0.4145317,0.0149925079160172,1.49925079160172,35,Low
2024-12-20,3883.9130859375,-0.0027575181783231,0.010442849,BUY,Moderate,1.0442849,0.0129160465644785,1.2916046564478498,35,Low
2024-12-23,3872.7373046875,-0.0152705725596322,0.015580951,BUY,Moderate,1.5580950999999998,0.0122512815408237,1.22512815408237,35,Low
2024-12-24,3892.48193359375,-0.0160424812304067,0.0002493961,HOLD,Weak,0.02493961,0.0121142459912567,1.21142459912567,35,Low
2024-12-26,3882.796142578125,0.0015948885096535,-0.0040587974,HOLD,Weak,-0.40587974,0.0120988495577246,1.20988495577246,35,Low
2024-12-27,3878.837890625,-0.0155948745320284,0.0028648877,HOLD,Weak,0.28648877,0.0112990583389272,1.12990583389272,35,Low
2024-12-30,3873.203125,-0.0153409090909091,0.0005416872,HOLD,Weak,0.05416872,0.0111782365358159,1.11782365358159,35,Low
2024-12-31,3813.598388671875,-0.0162401341980176,0.004260782,HOLD,Weak,0.4260782,0.011590734751549,1.1590734751549001,35,Low
2025-01-01,3830.036865234375,-0.0009849672653918,0.0055884556,BUY,Weak,0.55884556,0.011530691199704,1.1530691199704002,35,Low
2025-01-02,3888.98876953125,-0.0327844328105356,0.0007217002,HOLD,Weak,0.07217002,0.0117726371187235,1.1772637118723501,35,Low
2025-01-03,3818.347900390625,0.0404278708510186,0.00087353133,HOLD,Weak,0.087353133,0.0104113260998068,1.04113260998068,35,Low
2025-01-06,3813.78466796875,0.0478877442808398,-0.0071957437,AVOID,Weak,-0.71957437,0.0104329220129631,1.04329220129631,35,Low
2025-01-07,3751.6650390625,0.0508279526928798,0.004761725,BUY,Weak,0.4761724999999999,0.0106904349844323,1.06904349844323,35,Low
2025-01-08,3826.264404296875,0.0343686175532125,-0.00080349983,HOLD,Weak,-0.080349983,0.0120473779754315,1.20473779754315,35,Low
2025-01-09,3761.490478515625,0.0414598108075743,-0.0021998598,HOLD,Weak,-0.21998598,0.0123821753218234,1.23821753218234,35,Low
2025-01-10,3972.715576171875,-0.015346009766447,-0.026766792,AVOID,Strong,-2.6766792,0.0182865207547842,1.8286520754784201,50,Moderate
2025-01-13,3996.418212890625,-0.0322216628427469,-0.0138106635,AVOID,Moderate,-1.38106635,0.0183213862079067,1.83213862079067,50,Moderate
2025-01-14,3942.3544921875,-0.0290423810327099,-0.018158445,AVOID,Moderate,-1.8158445,0.0183347112591444,1.83347112591444,50,Moderate
2025-01-15,3957.767822265625,-0.0038864927474938,-0.042714983,AVOID,Very Strong,-4.2714983,0.0178896172353901,1.78896172353901,50,Moderate
2025-01-16,3917.441162109375,0.0036681783981504,-0.03337554,AVOID,Very Strong,-3.3375540000000004,0.0179637807424972,1.7963780742497202,50,Moderate
2025-01-17,3911.750244140625,0.0068012359347267,-0.029857447,AVOID,Strong,-2.9857447,0.0175672119499516,1.75672119499516,50,Moderate
2025-01-20,3867.64697265625,-0.0031022197993899,-0.024057657,AVOID,Strong,-2.4057657,0.0169126830599615,1.69126830599615,50,Moderate
2025-01-21,3827.859130859375,0.0011025000397029,-0.015526436,AVOID,Moderate,-1.5526436,0.017057807975763,1.7057807975763,50,Moderate
2025-01-22,3942.385986328125,-0.0136650868438117,-0.031314485,AVOID,Very Strong,-3.1314485000000003,0.0183374353120292,1.83374353120292,50,Moderate
2025-01-23,3931.81103515625,-0.0109518352967562,-0.036520876,AVOID,Very Strong,-3.6520876,0.0183393145479926,1.8339314547992602,50,Moderate
2025-01-24,3938.35498046875,-0.0096209887957116,-0.033000395,AVOID,Very Strong,-3.3000395,0.0183352405643112,1.8335240564311202,50,Moderate
2025-01-27,3855.648681640625,0.0019679932617127,-0.026171345,AVOID,Strong,-2.6171345,0.0189780201492297,1.89780201492297,50,Moderate
2025-01-28,3832.079345703125,0.0070168589244898,-0.032228213,AVOID,Very Strong,-3.2228213,0.0186948873061302,1.8694887306130201,50,Moderate
2025-01-29,3888.512939453125,0.0017683419883622,-0.038439937,AVOID,Very Strong,-3.8439937,0.018952727165061,1.8952727165060999,50,Moderate
2025-01-30,3888.75048828125,-0.0021829669189259,-0.036695972,AVOID,Very Strong,-3.6695972,0.0186443623871364,1.86443623871364,50,Moderate
2025-01-31,3900.464111328125,-0.0072099292570915,-0.032288954,AVOID,Very Strong,-3.2288954000000003,0.0181435813433859,1.81435813433859,50,Moderate
2025-02-01,3863.236572265625,-0.0107410873116138,-0.029006146,AVOID,Strong,-2.9006146,0.0182974272570338,1.8297427257033798,50,Moderate
2025-02-03,3858.968505859375,-0.0077913064603527,-0.03861881,AVOID,Very Strong,-3.861881,0.01786086813017,1.7860868130169998,50,Moderate
2025-02-04,3895.38916015625,-0.0349398960133782,-0.035924304,AVOID,Very Strong,-3.5924304,0.0174446772514964,1.7444677251496399,50,Moderate
2025-02-05,3880.261474609375,-0.0344528419105334,-0.023998372,AVOID,Strong,-2.3998372,0.0169751261547972,1.69751261547972,50,Moderate
2025-02-06,3872.342041015625,-0.0422755326186756,-0.02987968,AVOID,Strong,-2.987968,0.0111286377028364,1.1128637702836401,35,Low
2025-02-07,3821.7412109375,-0.0234649592956417,-0.023969352,AVOID,Strong,-2.3969352,0.0112943342796384,1.12943342796384,35,Low
2025-02-10,3828.902099609375,-0.0328094112017949,-0.018136071,AVOID,Moderate,-1.8136071,0.0110005281635919,1.1000528163591898,35,Low
2025-02-11,3759.28466796875,-0.0227950588484371,-0.0060122563,AVOID,Weak,-0.6012256300000001,0.0115352688356434,1.15352688356434,35,Low
2025-02-12,3746.575439453125,-0.0420362397353364,-0.007083912,AVOID,Weak,-0.7083912,0.0113962278373396,1.13962278373396,35,Low
2025-02-13,3708.63671875,-0.0334385608550985,0.00047555237,HOLD,Weak,0.047555237,0.0115318836568957,1.15318836568957,35,Low
2025-02-14,3732.064208984375,-0.0378285857455596,0.0013351962,HOLD,Weak,0.13351962,0.0115062467199703,1.15062467199703,35,Low
2025-02-17,3703.278076171875,-0.0586245544834084,-0.005218478,AVOID,Weak,-0.5218478000000001,0.0114194392523141,1.14194392523141,35,Low
2025-02-18,3673.591552734375,-0.0629066956796992,0.0043827724,HOLD,Weak,0.43827724,0.0087481541050063,0.8748154105006299,20,Low
2025-02-19,3589.08349609375,-0.0453346145259544,0.017278047,BUY,Moderate,1.7278047,0.0097701319739051,0.9770131973905101,20,Low
2025-02-20,3584.625244140625,-0.0783590127787094,0.005864316,BUY,Weak,0.5864315999999999,0.0096948750981356,0.96948750981356,20,Low
2025-02-21,3590.885498046875,-0.0773772328174352,0.005314074,BUY,Weak,0.5314074,0.0089839441340128,0.89839441340128,20,Low
2025-02-24,3486.175048828125,-0.0390549360955834,0.029683612,BUY,Strong,2.9683612000000004,0.0106573545581688,1.0657354558168801,35,Low
2025-02-25,3442.498046875,-0.0227301610896429,0.042231046,BUY,Very Strong,4.2231046,0.0097513532274017,0.9751353227401701,20,Low
2025-02-27,3426.373779296875,-0.0030310464402999,0.044559628,BUY,Very Strong,4.4559628,0.0096526499472723,0.9652649947272299,20,Low
2025-02-28,3303.737548828125,0.0367329290652329,0.049988523,BUY,Very Strong,4.9988523,0.0114266874794009,1.14266874794009,35,Low
2025-03-03,3313.03271484375,0.0276548243789214,0.030254083,BUY,Very Strong,3.0254083,0.0116817146638124,1.16817146638124,35,Low
2025-03-04,3350.022705078125,0.0122449904687416,0.046633538,BUY,Very Strong,4.6633538,0.0123434920861422,1.23434920861422,35,Low
2025-03-05,3364.24951171875,-0.0115165741337823,0.04133277,BUY,Very Strong,4.133277,0.0120308547913982,1.20308547913982,35,Low
2025-03-06,3415.98828125,-0.0251416392126637,0.034906548,BUY,Very Strong,3.4906548,0.0130416659610278,1.30416659610278,35,Low
2025-03-07,3425.093505859375,-0.0314300554779276,0.04424607,BUY,Very Strong,4.424607,0.0131638749287021,1.31638749287021,35,Low
2025-03-10,3404.654052734375,-0.0256153560480566,0.0263556,BUY,Strong,2.63556,0.013059557866477,1.3059557866477,35,Low
2025-03-11,3391.043701171875,-0.0218722990356533,0.025540857,BUY,Strong,2.5540857,0.0129463326677246,1.2946332667724598,35,Low
2025-03-12,3325.5048828125,0.0162426875383407,0.031738963,BUY,Very Strong,3.1738963,0.0130055571004151,1.3005557100415102,35,Low
2025-03-13,3330.104736328125,0.0190969881545668,0.028133819,BUY,Strong,2.8133819,0.0130999218884417,1.30999218884417,35,Low
2025-03-17,3317.442626953125,0.0375247134563734,0.030386573,BUY,Very Strong,3.0386573,0.013066079363736,1.3066079363735998,35,Low
2025-03-18,3317.442626953125,0.0457587422069589,0.021084774,BUY,Strong,2.1084774,0.0128404039522049,1.28404039522049,35,Low
2025-03-19,3316.873779296875,0.0396614434876119,0.012624655,BUY,Moderate,1.2624655,0.0128916445412591,1.2891644541259102,35,Low
2025-03-20,3379.52001953125,0.0247111904672807,-0.0020132405,HOLD,Weak,-0.20132405,0.01396483506024,1.396483506024,35,Low
2025-03-21,3393.69970703125,0.0078392333449923,-0.017635163,AVOID,Moderate,-1.7635162999999998,0.0133340009116377,1.33340009116377,35,Low
2025-03-24,3441.9287109375,-0.0215351812366737,-0.023743527,AVOID,Strong,-2.3743527,0.0138608450399511,1.38608450399511,35,Low
2025-03-25,3469.24462890625,-0.0311120472263738,-0.03093471,AVOID,Very Strong,-3.093471,0.014015654347666,1.4015654347666,35,Low
2025-03-26,3448.42578125,-0.0639887341030837,-0.031128582,AVOID,Very Strong,-3.1128582,0.0124954596729257,1.24954596729257,35,Low
2025-03-27,3463.031982421875,-0.0963518903169421,-0.031228727,AVOID,Very Strong,-3.1228727000000003,0.0122027899940409,1.2202789994040901,35,Low
2025-03-28,3420.3037109375,-0.0920927303661983,-0.02219593,AVOID,Strong,-2.219593,0.0124863453698623,1.24863453698623,35,Low
2025-04-01,3367.80615234375,-0.0726173859878123,-0.015334543,AVOID,Moderate,-1.5334543,0.0099907060502585,0.9990706050258501,20,Low
2025-04-02,3361.309326171875,-0.0839033600057176,-0.0016868329,HOLD,Weak,-0.1686832899999999,0.0100018794292032,1.00018794292032,35,Low
2025-04-03,3227.765380859375,-0.0504384450500331,0.032725785,BUY,Very Strong,3.2725785,0.0131858916953149,1.31858916953149,35,Low
2025-04-04,3129.3623046875,-0.0155178692743598,0.037166838,BUY,Very Strong,3.7166838,0.0145662694899208,1.45662694899208,35,Low
2025-04-07,3105.318603515625,-7.618292865574361e-05,0.03746792,BUY,Very Strong,3.746792,0.0138893437824069,1.38893437824069,35,Low
2025-04-08,3123.244873046875,0.0018068741889487,0.026703792,BUY,Strong,2.6703792,0.0139926331732603,1.3992633173260298,35,Low
2025-04-09,3079.2841796875,0.0231009134567661,0.020274596,BUY,Strong,2.0274596,0.0141536642350353,1.41536642350353,35,Low
2025-04-11,3064.9619140625,0.0256535642106585,0.02659189,BUY,Strong,2.659189,0.0141521927923808,1.41521927923808,35,Low
2025-04-15,3080.80126953125,0.0507357895205644,0.022651084,BUY,Strong,2.2651084,0.01389980667265,1.3899806672650001,35,Low
2025-04-16,3105.08203125,0.0390371725535632,0.017020408,BUY,Moderate,1.7020408,0.0140999103927458,1.40999103927458,35,Low
2025-04-17,3128.88818359375,0.045196890181794,0.020182937,BUY,Strong,2.0182937,0.0143141380646096,1.4314138064609598,35,Low
2025-04-21,3150.41845703125,0.0366991488140913,0.0066108173,BUY,Weak,0.66108173,0.0144674398934818,1.44674398934818,35,Low
2025-04-22,3143.589111328125,0.0477009377266062,0.009826806,BUY,Weak,0.9826806,0.014457565337833,1.4457565337833,35,Low
2025-04-23,3237.108154296875,0.0119250075136536,0.0011538338,HOLD,Weak,0.11538338,0.0154746162414071,1.54746162414071,50,Moderate
2025-04-24,3226.295654296875,0.0086428909412681,0.0002031409,HOLD,Weak,0.02031409,0.0154064970876167,1.54064970876167,50,Moderate
2025-04-25,3270.30419921875,0.0018271516754626,-0.0061569107,AVOID,Weak,-0.61569107,0.0153745794358702,1.53745794358702,50,Moderate
2025-04-28,3266.0361328125,0.004791711330601,-0.017589549,AVOID,Moderate,-1.7589549,0.0151839767705974,1.51839767705974,50,Moderate
2025-04-29,3293.541259765625,-0.0078904579534474,-0.0059171217,AVOID,Weak,-0.59171217,0.0153704416924229,1.53704416924229,50,Moderate
2025-04-30,3275.710693359375,-0.0013899208269079,-0.0035015594,HOLD,Weak,-0.35015594,0.0153097212986006,1.5309721298600598,50,Moderate
2025-05-02,3254.18017578125,0.0027106061449508,-0.0113475,AVOID,Moderate,-1.13475,0.0151716333522454,1.51716333522454,50,Moderate
2025-05-05,3276.279541015625,0.0480849673996495,-0.0065457225,AVOID,Weak,-0.65457225,0.0149817935322666,1.49817935322666,35,Low
2025-05-06,3281.68603515625,0.0158959531121831,0.0017110616,HOLD,Weak,0.17110616,0.0149948672885,1.49948672885,35,Low
2025-05-07,3267.5537109375,0.0300717279716673,0.0009049793,HOLD,Weak,0.09049793,0.0119795023826142,1.19795023826142,35,Low
2025-05-08,3271.15771484375,0.0379831210011865,-0.0062281415,AVOID,Weak,-0.6228141500000001,0.0094744379707383,0.94744379707383,20,Low
2025-05-09,3263.0009765625,0.0351713532973414,-0.0010699253,HOLD,Weak,-0.10699253,0.0092563222400182,0.9256322240018201,20,Low
2025-05-12,3433.8193359375,-0.0280631448843946,-0.016434345,AVOID,Moderate,-1.6434345,0.0144948220626421,1.44948220626421,35,Low
2025-05-13,3333.8515625,-0.0047509947672197,-0.0040876633,HOLD,Weak,-0.4087663299999999,0.0158543596390963,1.5854359639096298,50,Moderate
2025-05-14,3365.814697265625,-0.0064531094717633,-0.014101335,AVOID,Moderate,-1.4101335,0.0157602637559617,1.5760263755961699,50,Moderate
2025-05-15,3395.406494140625,-0.0287438113806243,-0.016501179,AVOID,Moderate,-1.6501179,0.015785421133122,1.5785421133122,50,Moderate
2025-05-16,3377.76513671875,-0.0131130990335898,-0.022982927,AVOID,Strong,-2.2982927,0.0159295337802408,1.59295337802408,50,Moderate
2025-05-19,3337.45556640625,0.0052575606329028,-0.019893084,AVOID,Moderate,-1.9893084,0.0163121898628576,1.63121898628576,50,Moderate
2025-05-20,3318.012451171875,0.0001141231731187,-0.0056777243,AVOID,Weak,-0.56777243,0.016414809013414,1.6414809013414002,50,Moderate
2025-05-21,3344.0947265625,-0.0079698997153623,-0.02059503,AVOID,Strong,-2.059503,0.0164107872207306,1.64107872207306,50,Moderate
2025-05-22,3297.8095703125,0.0060685552110968,-0.016310114,AVOID,Moderate,-1.6310114,0.0155756884064601,1.55756884064601,50,Moderate
2025-05-23,3333.47216796875,-0.0145678502745955,-0.016627071,AVOID,Moderate,-1.6627071,0.0156872200950942,1.56872200950942,50,Moderate
2025-05-26,3355.00244140625,-0.0247364847705116,-0.016499016,AVOID,Moderate,-1.6499015999999995,0.0154815749389078,1.54815749389078,50,Moderate
2025-05-27,3318.39111328125,-0.0267241411022407,-0.019885318,AVOID,Moderate,-1.9885318,0.0157169089640474,1.57169089640474,50,Moderate
2025-05-28,3317.442626953125,-0.0248017312022266,-0.015634283,AVOID,Moderate,-1.5634283,0.0156182032703591,1.5618203270359101,50,Moderate
2025-05-29,3317.822509765625,-0.02773977337858,-0.009098858,AVOID,Weak,-0.9098858,0.0155572855135038,1.55572855135038,50,Moderate
2025-05-30,3284.91064453125,-0.0141826150201181,-0.008250964,AVOID,Weak,-0.8250964,0.0156579008186618,1.56579008186618,50,Moderate
2025-06-02,3272.011474609375,0.0007289870236579,-0.0065831156,AVOID,Weak,-0.65831156,0.0156176677678472,1.56176677678472,50,Moderate
2025-06-03,3229.7099609375,0.0259836575882546,-0.014091935,AVOID,Moderate,-1.4091935,0.0158770522111548,1.58770522111548,50,Moderate
2025-06-04,3235.164306640625,0.0269158349264555,-0.009930871,AVOID,Weak,-0.9930871,0.015861570361106,1.5861570361106,50,Moderate
2025-06-05,3225.786865234375,0.0187178016386051,-0.0065914597,AVOID,Weak,-0.65914597,0.0158671125829111,1.58671125829111,50,Moderate
2025-06-06,3238.322021484375,0.0181726451423598,-0.01146849,AVOID,Moderate,-1.146849,0.0158907334934643,1.5890733493464302,50,Moderate
2025-06-09,3274.396728515625,0.0217423608490621,-0.02756025,AVOID,Strong,-2.756025,0.0104501351151767,1.04501351151767,35,Low
2025-06-10,3313.629638671875,0.0151317795736964,-0.045154594,AVOID,Very Strong,-4.5154594,0.0088177783018876,0.88177783018876,20,Low
2025-06-11,3322.241455078125,-0.0059045109161214,-0.040178888,AVOID,Very Strong,-4.017888800000001,0.008540829559851,0.8540829559851001,20,Low
2025-06-12,3286.16650390625,-0.0029701032782873,-0.03551713,AVOID,Very Strong,-3.551713,0.0085318024507012,0.85318024507012,20,Low
2025-06-13,3297.1708984375,-0.002902138818702,-0.023460316,AVOID,Strong,-2.3460316,0.0085561225331921,0.8556122533192099,20,Low
2025-06-16,3345.58984375,-0.0293738783916793,-0.033137776,AVOID,Very Strong,-3.3137776,0.008858934125242,0.8858934125242,20,Low
2025-06-17,3363.770751953125,-0.0355304704853859,-0.032381304,AVOID,Very Strong,-3.2381304,0.0088162695610888,0.88162695610888,20,Low
2025-06-18,3302.625244140625,-0.0019121714030615,-0.034412816,AVOID,Very Strong,-3.4412816,0.0095947928992268,0.9594792899226801,20,Low
2025-06-19,3276.40625,0.0051987457675617,-0.027414784,AVOID,Strong,-2.7414784,0.0092500360349664,0.9250036034966399,20,Low
2025-06-20,3287.60205078125,0.0015718083846316,-0.027411286,AVOID,Strong,-2.7411286,0.0089250812286493,0.8925081228649301,20,Low
2025-06-23,3247.31689453125,0.0201555370607193,-0.030794892,AVOID,Very Strong,-3.0794892000000003,0.0091188412964034,0.9118841296403399,20,Low
2025-06-24,3244.25439453125,0.0115916314193076,-0.011015949,AVOID,Moderate,-1.1015949,0.0088509840398241,0.88509840398241,20,Low
2025-06-25,3296.31005859375,-0.0062414427353739,-0.042577293,AVOID,Very Strong,-4.2577293,0.0096468168445233,0.9646816844523299,20,Low
2025-06-26,3293.439453125,-0.0119124431205266,-0.042621557,AVOID,Very Strong,-4.2621557,0.0096472377415217,0.9647237741521699,20,Low
2025-06-27,3292.76953125,-0.0061899504003207,-0.045063652,AVOID,Very Strong,-4.5063652,0.0093795440298545,0.93795440298545,20,Low
2025-06-30,3312.768310546875,-0.0145291150134581,-0.03404872,AVOID,Very Strong,-3.404872,0.0094166224370306,0.9416622437030601,20,Low
2025-07-01,3281.860595703125,-0.0068518499645267,-0.031916253,AVOID,Very Strong,-3.1916253,0.0091745696374602,0.9174569637460199,20,Low
2025-07-02,3275.736328125,-0.0115385108429223,-0.023909878,AVOID,Strong,-2.3909878,0.0091917047193425,0.91917047193425,20,Low
2025-07-03,3254.20654296875,-0.0055281512885591,-0.03330173,AVOID,Very Strong,-3.3301730000000003,0.0093026808689378,0.93026808689378,20,Low
2025-07-04,3272.387451171875,-0.0449734062216705,-0.027718985,AVOID,Strong,-2.7718985000000003,0.009343147317566,0.9343147317566001,20,Low
2025-07-07,3264.63671875,-0.0553975964017818,-0.027394902,AVOID,Strong,-2.7394902,0.0090211502426663,0.90211502426663,20,Low
2025-07-08,3259.373779296875,-0.0451822586522721,-0.021603193,AVOID,Strong,-2.1603193,0.0085625661957305,0.85625661957305,20,Low
2025-07-09,3237.939208984375,-0.0412931884617788,-0.026957143,AVOID,Strong,-2.6957143,0.0086170442428959,0.86170442428959,20,Low
2025-07-10,3236.216796875,-0.0478737047683596,-0.027957853,AVOID,Strong,-2.7957853,0.0083150260101086,0.8315026010108599,20,Low
2025-07-11,3125.217041015625,-0.0199861119020717,-0.011599232,AVOID,Moderate,-1.1599232,0.0111280586797233,1.11280586797233,35,Low
2025-07-14,3083.78369140625,-0.0166885463889433,0.002473097,HOLD,Weak,0.2473097,0.0105824421745611,1.05824421745611,35,Low
2025-07-15,3112.10791015625,-0.0252060178891134,-0.009434502,AVOID,Weak,-0.9434502,0.0107898525523254,1.07898525523254,35,Low
2025-07-16,3104.234375,-0.0167022363606162,-0.0038271141,HOLD,Weak,-0.38271141,0.0102480381273284,1.02480381273284,35,Low
2025-07-17,3081.287109375,-0.0190701145206795,-0.0023360436,HOLD,Weak,-0.23360436,0.0102350133956826,1.0235013395682602,35,Low
2025-07-18,3062.756103515625,-0.0169596786748301,0.005322639,BUY,Weak,0.5322639,0.0101398897365304,1.01398897365304,35,Low
2025-07-21,3032.31982421875,-0.0249825649484854,0.017612899,BUY,Moderate,1.7612899000000002,0.0100472954712541,1.0047295471254098,35,Low
2025-07-22,3033.6640625,-0.0327889644587171,0.011901462,BUY,Moderate,1.1901462,0.0100696837398632,1.00696837398632,35,Low
2025-07-23,3052.38671875,-0.0394765846654321,0.00879083,BUY,Weak,0.879083,0.0092825052748787,0.92825052748787,20,Low
2025-07-24,3022.526611328125,-0.0353240305198537,0.016621294,BUY,Moderate,1.6621294000000002,0.0093484038180523,0.93484038180523,20,Low
2025-07-25,3010.812744140625,-0.0423497211263862,0.018041754,BUY,Moderate,1.8041754,0.0093008769371703,0.9300876937170299,20,Low
2025-07-28,2956.564697265625,-0.0015914003604763,0.021943899,BUY,Strong,2.1943899,0.009428896044484,0.9428896044484001,20,Low
2025-07-29,2934.193359375,0.0025850242327301,0.02564629,BUY,Strong,2.564629,0.0094006709401815,0.94006709401815,20,Low
2025-07-30,2931.888916015625,-0.0069752586743777,0.02597371,BUY,Strong,2.597371,0.0094259766210948,0.9425976621094799,20,Low
2025-07-31,2915.7587890625,0.0033587184671657,0.026372757,BUY,Strong,2.6372757,0.0094225248294834,0.9422524829483401,20,Low
2025-08-01,2883.3056640625,0.0111222504280263,0.025860665,BUY,Strong,2.5860665000000003,0.009130454937252,0.9130454937251999,20,Low
2025-08-04,2951.859619140625,-0.0109288727138951,0.012946019,BUY,Moderate,1.2946019,0.0113259339591112,1.13259339591112,35,Low
2025-08-05,2941.7783203125,-0.0093018612187502,0.00923404,BUY,Weak,0.923404,0.0113050241982278,1.13050241982278,35,Low
2025-08-06,2911.438232421875,0.0012860945232935,0.0064896545,BUY,Weak,0.6489654499999999,0.0113622885491001,1.1362288549100101,35,Low
2025-08-07,2925.552001953125,-0.0081063594685865,0.019449739,BUY,Moderate,1.9449739,0.0115418367649713,1.15418367649713,35,Low
2025-08-08,2915.37451171875,-0.0082992962116419,0.033249065,BUY,Very Strong,3.3249065,0.0092496858080235,0.9249685808023499,20,Low
2025-08-11,2919.59912109375,-0.0080899410453229,0.043410223,BUY,Very Strong,4.3410223,0.0090086120362316,0.90086120362316,20,Low
2025-08-12,2914.414306640625,0.0208209615444381,0.0313535,BUY,Very Strong,3.13535,0.0085707197580699,0.8570719758069899,20,Low
2025-08-13,2915.1826171875,0.0218695260233414,0.034424014,BUY,Very Strong,3.4424014000000005,0.0086056183142027,0.8605618314202699,20,Low
2025-08-14,2901.83642578125,0.0104887109304603,0.033761717,BUY,Very Strong,3.3761717,0.0085546303229627,0.8554630322962701,20,Low
2025-08-18,2891.178955078125,0.0429729302720618,0.03629813,BUY,Very Strong,3.629813,0.008526626708844,0.8526626708844,20,Low
2025-08-19,2895.979736328125,0.0467476085052915,0.03874644,BUY,Very Strong,3.874644,0.0084124290185906,0.84124290185906,20,Low
2025-08-20,2975.09521484375,-0.0015813241271328,0.0090141175,BUY,Weak,0.90141175,0.0107025057443263,1.07025057443263,35,Low
2025-08-21,2978.936279296875,-0.0057695130433628,-0.010923258,AVOID,Moderate,-1.0923258,0.0105873124874809,1.05873124874809,35,Low
2025-08-22,2932.27294921875,0.0191879832714296,-0.0068621663,AVOID,Weak,-0.68621663,0.0109159029117101,1.09159029117101,35,Low
2025-08-25,3015.42138671875,-0.0092657648678675,-0.011506121,AVOID,Moderate,-1.1506121,0.0127632568979487,1.27632568979487,35,Low
2025-08-26,3031.35986328125,-0.0189092695577238,-0.0024998123,HOLD,Weak,-0.2499812299999999,0.0120615140866365,1.20615140866365,35,Low
2025-08-28,2970.390625,0.0006464355224744,-0.02449036,AVOID,Strong,-2.449036,0.0128485173974837,1.28485173974837,35,Low
2025-08-29,2961.749267578125,-0.0118001125186243,-0.029012904,AVOID,Strong,-2.9012904,0.0128701197203286,1.2870119720328599,35,Low
2025-09-01,2988.537353515625,-0.0300713607142656,-0.024531785,AVOID,Strong,-2.4531785,0.0129189868798925,1.29189868798925,35,Low
2025-09-02,2987.481201171875,-0.0199582028619916,-0.019228397,AVOID,Moderate,-1.9228397,0.0125933525549913,1.25933525549913,35,Low
2025-09-03,2974.0390625,0.0040355734651686,-0.018530585,AVOID,Moderate,-1.8530585,0.0115460120213348,1.15460120213348,35,Low
2025-09-04,2972.310791015625,0.0092063918400504,-0.0016335262,HOLD,Weak,-0.16335262,0.0115135881937929,1.15135881937929,35,Low
2025-09-05,2926.80029296875,0.027917179046617,-0.01914139,AVOID,Moderate,-1.914139,0.0118127991827326,1.18127991827326,35,Low
2025-09-08,2898.66796875,0.0307718119448723,-0.002400961,HOLD,Weak,-0.2400961,0.0119632173689469,1.1963217368946901,35,Low
2025-09-09,2927.8564453125,0.0315799041067332,-0.013389736,AVOID,Moderate,-1.3389736,0.0121612957246458,1.21612957246458,35,Low
2025-09-10,2986.041015625,0.020192997626325,-0.0122196125,AVOID,Moderate,-1.22196125,0.0129278476991973,1.29278476991973,35,Low
2025-09-11,2999.675048828125,0.0168043104278303,-0.0027463401,HOLD,Weak,-0.27463401,0.0129286699872656,1.29286699872656,35,Low
2025-09-12,3008.50830078125,0.0114252790547642,0.0067246724,BUY,Weak,0.67246724,0.0129288383838086,1.2928838383808599,35,Low
2025-09-15,2987.865234375,-0.0122432894252598,0.0043202126,HOLD,Weak,0.4320212599999999,0.0129966892677866,1.29966892677866,35,Low
2025-09-16,3020.31787109375,-0.0264805691790188,0.0036402198,HOLD,Weak,0.3640219799999999,0.013095748527538,1.3095748527538,35,Low
2025-09-17,3046.338134765625,-0.0433057074720136,-0.00054307154,HOLD,Weak,-0.054307154,0.0131708760313267,1.31708760313267,35,Low
2025-09-18,3050.08251953125,-0.0690339768919545,0.0016032646,HOLD,Weak,0.16032646,0.0118179553937759,1.18179553937759,35,Low
2025-09-19,3042.88134765625,-0.0852265333038289,0.0048253727,BUY,Weak,0.48253727,0.011846468440728,1.1846468440728,35,Low
2025-09-22,2951.283935546875,-0.0578111734506441,0.01666045,BUY,Moderate,1.666045,0.0132771706061717,1.32771706061717,35,Low
2025-09-23,2940.338134765625,-0.056818275228596,0.008391097,BUY,Weak,0.8391097000000001,0.0115479622251333,1.15479622251333,35,Low
2025-09-24,2914.414306640625,-0.0399288256168135,0.0044247857,HOLD,Weak,0.44247857,0.0115618834444616,1.15618834444616,35,Low
2025-09-25,2839.523193359375,-0.0187665612530024,0.015832474,BUY,Moderate,1.5832474,0.0120805898518258,1.20805898518258,35,Low
2025-09-26,2783.547119140625,0.0308025964159341,0.017230498,BUY,Moderate,1.7230498,0.0127022950885883,1.27022950885883,35,Low
2025-09-29,2780.666748046875,0.0267945059756649,0.02306134,BUY,Strong,2.306134,0.0123946254691925,1.23946254691925,35,Low
2025-09-30,2773.273193359375,0.0480545194270751,0.014353213,BUY,Moderate,1.4353213,0.0123742832196643,1.23742832196643,35,Low
2025-10-01,2798.045166015625,0.0506142114249861,-0.0024246934,HOLD,Weak,-0.24246934,0.0126857553411838,1.26857553411838,35,Low
2025-10-03,2786.235107421875,0.0435577242651186,0.013274972,BUY,Moderate,1.3274972,0.0126758093591684,1.26758093591684,35,Low
2025-10-06,2869.28759765625,0.0062909473153265,-0.0037823098,HOLD,Weak,-0.37823098,0.0143075738282997,1.43075738282997,35,Low
2025-10-07,2855.17333984375,-0.004506109130647,-0.0024920718,HOLD,Weak,-0.24920718,0.0141951200834466,1.41951200834466,35,Low
2025-10-08,2906.54150390625,-0.0153024805811647,0.0046159993,BUY,Weak,0.46159993,0.0146145746845178,1.46145746845178,35,Low
2025-10-09,2939.666015625,-0.0261031759161628,0.0019473725,HOLD,Weak,0.19473725,0.0141142389972916,1.41142389972916,35,Low
2025-10-10,2907.59716796875,-0.0181790732420908,0.0055934135,BUY,Weak,0.55934135,0.0142347456212775,1.42347456212775,35,Low
2025-10-13,2887.338134765625,0.006399929243869,0.0052721645,BUY,Weak,0.52721645,0.0142458254452794,1.42458254452794,35,Low
2025-10-14,2842.3076171875,0.0194622237996402,-0.0055142045,AVOID,Weak,-0.55142045,0.0145350390062394,1.4535039006239399,35,Low
2025-10-15,2862.064208984375,0.0348171524134364,0.0065551973,BUY,Weak,0.65551973,0.0143727414339111,1.43727414339111,35,Low
2025-10-16,2862.931396484375,0.0311374164322773,0.0009842722,HOLD,Weak,0.09842722,0.0141501627254391,1.41501627254391,35,Low
2025-10-17,2854.73974609375,0.0414218267420187,-0.0049465406,AVOID,Weak,-0.49465406,0.0141152657885344,1.41152657885344,35,Low
2025-10-20,2905.81689453125,0.0141616366551937,-0.0075602136,AVOID,Weak,-0.75602136,0.0148848340054679,1.48848340054679,35,Low
2025-10-21,2897.625244140625,0.0169290197817397,-0.0055589387,AVOID,Weak,-0.55589387,0.0133654120535899,1.33654120535899,35,Low
2025-10-23,2961.713134765625,-0.0123325214033229,0.007679163,BUY,Weak,0.7679163,0.0142886015934416,1.4288601593441599,35,Low
2025-10-24,2952.07568359375,-0.0016976104770031,0.00922523,BUY,Weak,0.922523,0.0141520347156691,1.41520347156691,35,Low
2025-10-27,2972.98828125,-0.0220752281282642,0.0034135901,HOLD,Weak,0.3413590099999999,0.0127591611160982,1.27591611160982,35,Low
2025-10-28,2946.968017578125,-0.0221394125202006,0.002387614,HOLD,Weak,0.2387614,0.0119715081162663,1.1971508116266298,35,Low
2025-10-29,2946.67919921875,-0.0152735824341456,0.008591929,BUY,Weak,0.8591929,0.0119570272346507,1.1957027234650701,35,Low
2025-10-30,2925.187744140625,-0.0143313450851052,0.010760742,BUY,Moderate,1.0760742,0.0121157323837219,1.21157323837219,35,Low
2025-10-31,2947.064208984375,-0.0107259649537017,0.00526544,BUY,Weak,0.526544,0.0120809326006333,1.20809326006333,35,Low
2025-11-03,2907.35888671875,0.0100106293448853,0.012598473,BUY,Moderate,1.2598473,0.012527431315113,1.2527431315113,35,Low
2025-11-04,2881.723876953125,0.0473546878856099,0.010456023,BUY,Moderate,1.0456023,0.0109223966126389,1.09223966126389,35,Low
2025-11-06,2901.6728515625,0.0314856597066683,0.006380986,BUY,Weak,0.6380986,0.0109470765465006,1.09470765465006,35,Low
2025-11-07,2883.265869140625,0.0381709956352562,-0.00087256276,HOLD,Weak,-0.087256276,0.0102750758258653,1.0275075825865299,35,Low
2025-11-10,2915.4541015625,0.0254529087148396,0.0036144773,HOLD,Weak,0.36144773,0.0102611929177002,1.02611929177002,35,Low
2025-11-11,2936.46337890625,0.0131605618139512,-0.0038957142,HOLD,Weak,-0.38957142,0.0100792569950017,1.00792569950017,35,Low
2025-11-12,3018.18701171875,0.0050768882071854,0.002364804,HOLD,Weak,0.2364803999999999,0.0116029814539585,1.1602981453958499,35,Low
2025-11-13,2993.033935546875,0.0125897806160741,0.007152921,BUY,Weak,0.7152921,0.011117540685884,1.1117540685884,35,Low
2025-11-14,2993.322998046875,0.0143593517179472,-0.0033566135,HOLD,Weak,-0.33566135,0.0110834196146487,1.10834196146487,35,Low
2025-11-17,2989.660888671875,0.0125717285263151,0.0051154317,BUY,Weak,0.51154317,0.0111031506822934,1.11031506822934,35,Low
2025-11-18,2975.10888671875,0.0103980405128947,0.01209222,BUY,Moderate,1.209222,0.0111604447084051,1.11604447084051,35,Low
2025-11-19,3033.510009765625,0.0048290349245894,0.0058179945,BUY,Weak,0.58179945,0.0112956048754361,1.12956048754361,35,Low
2025-11-20,3030.715576171875,-0.0026074990186333,0.0011795557,HOLD,Weak,0.11795557,0.0112590212059012,1.12590212059012,35,Low
2025-11-21,3036.30517578125,-0.0041580141880012,0.00904544,BUY,Weak,0.904544,0.0102489634878141,1.02489634878141,35,Low
2025-11-24,3027.24609375,-0.0024831446175682,0.009935172,BUY,Weak,0.9935172,0.0102428241796685,1.02428241796685,35,Low
2025-11-25,3006.044189453125,0.0052897982149733,0.0065614698,BUY,Weak,0.6561469799999999,0.010308855887904,1.0308855887904,35,Low
2025-11-26,3048.158935546875,0.0054063756306537,0.0014707192,HOLD,Weak,0.14707192,0.0104767785617549,1.04767785617549,35,Low
2025-11-27,3022.81298828125,0.0295223286592951,0.00052136404,HOLD,Weak,0.052136404,0.0107112015090467,1.0711201509046702,35,Low
2025-11-28,3023.68017578125,0.0320956150644884,-0.0038600264,HOLD,Weak,-0.38600264,0.0105224387144753,1.05224387144753,35,Low
2025-12-01,3019.72900390625,0.0329034886945469,-0.0032180718,HOLD,Weak,-0.32180718,0.0104520606672168,1.04520606672168,35,Low
2025-12-02,3021.945556640625,0.023152817091832,-0.0052874987,AVOID,Weak,-0.52874987,0.0098635614887506,0.9863561488750601,20,Low
2025-12-03,3064.638427734375,0.002893148828875,0.0019069301,HOLD,Weak,0.19069301,0.0098759306498153,0.98759306498153,20,Low
2025-12-04,3112.053466796875,-0.0115507440944205,-0.0026572363,HOLD,Weak,-0.26572363,0.0102275789379115,1.02275789379115,35,Low
2025-12-05,3120.72705078125,-0.0054659895115962,0.00022266962,HOLD,Weak,0.022266962,0.0099628276428152,0.9962827642815201,20,Low
2025-12-08,3119.088623046875,-0.0019464945682015,0.0018410466,HOLD,Weak,0.18410466,0.0098635373195741,0.98635373195741,20,Low
2025-12-09,3091.912109375,-0.0009974359768019,0.0062505645,BUY,Weak,0.62505645,0.0101797820822426,1.0179782082242599,35,Low
2025-12-10,3073.5048828125,0.0089676954845614,-0.006470032,AVOID,Weak,-0.6470032,0.0084309958290413,0.8430995829041299,20,Low
2025-12-11,3076.10693359375,0.0278516990914252,0.002443171,HOLD,Weak,0.2443171,0.008144434687152,0.8144434687151999,20,Low
2025-12-12,3103.669189453125,0.0190964433871232,-0.0015386,HOLD,Weak,-0.15386,0.0083091995309976,0.83091995309976,20,Low
2025-12-15,3113.017333984375,0.0293171025555099,-0.0052857394,AVOID,Weak,-0.52857394,0.0082808239370894,0.8280823937089401,20,Low
2025-12-16,3088.828125,0.0327289943597137,-0.00024977245,HOLD,Weak,-0.024977245,0.0084326145089704,0.8432614508970401,20,Low
