Fold,Model,Train_Rows,Test_Rows,Test_Start,Test_End,News_Coverage,Accuracy,Balanced_Accuracy,Precision,Recall,F1,ROC_AUC,Strategy_Return,Max_Drawdown,Sharpe
1,Logistic_Technical,365,60,2025-06-26,2025-09-19,0.25,0.6166666666666667,0.4868421052631579,0.0,0.0,0.0,0.5633971291866029,0.07130907520138918,-0.06504658844504718,1.8232372224261186
1,RandomForest_Technical,365,60,2025-06-26,2025-09-19,0.25,0.4,0.5263157894736842,0.3793103448275862,1.0,0.55,0.4940191387559809,-0.07882817287672961,-0.13258232235701917,-1.9877075462901372
1,XGBoost_Technical,365,60,2025-06-26,2025-09-19,0.25,0.48333333333333334,0.48684210526315785,0.3548387096774194,0.5,0.41509433962264153,0.4784688995215311,-0.02898695399213036,-0.08360112869102221,-0.6527931760243466
1,Logistic_Tech_News,365,60,2025-06-26,2025-09-19,0.25,0.6166666666666667,0.4868421052631579,0.0,0.0,0.0,0.5753588516746411,0.07130907520138918,-0.06504658844504718,1.8232372224261186
1,RandomForest_Tech_News,365,60,2025-06-26,2025-09-19,0.25,0.4,0.507177033492823,0.37037037037037035,0.9090909090909091,0.5263157894736842,0.534688995215311,0.02033678376262449,-0.0766534591167114,0.5894233137438908
1,XGBoost_Tech_News,365,60,2025-06-26,2025-09-19,0.25,0.4666666666666667,0.46411483253588515,0.3333333333333333,0.45454545454545453,0.38461538461538464,0.49521531100478466,-0.011998046538036378,-0.059138988330187714,-0.21771109697361002
2,Logistic_Technical,425,60,2025-09-22,2025-12-17,0.45,0.5333333333333333,0.5200892857142857,0.5,0.32142857142857145,0.391304347826087,0.5245535714285715,0.11191266032758618,-0.0686482240853512,2.758486039938155
2,RandomForest_Technical,425,60,2025-09-22,2025-12-17,0.45,0.5166666666666667,0.53125,0.4883720930232558,0.75,0.5915492957746479,0.4609375,0.13367984692922597,-0.03311882416986667,3.265316512509513
2,XGBoost_Technical,425,60,2025-09-22,2025-12-17,0.45,0.5666666666666667,0.5647321428571428,0.5357142857142857,0.5357142857142857,0.5357142857142857,0.45982142857142855,0.22357169345629035,-0.024238457652166367,5.37538969233796
2,Logistic_Tech_News,425,60,2025-09-22,2025-12-17,0.45,0.5166666666666667,0.49776785714285715,0.46153846153846156,0.21428571428571427,0.2926829268292683,0.5133928571428572,0.04629765598529412,-0.06670983494862881,1.2126387093907698
2,RandomForest_Tech_News,425,60,2025-09-22,2025-12-17,0.45,0.55,0.5424107142857143,0.5217391304347826,0.42857142857142855,0.47058823529411764,0.4743303571428572,0.14371536846783006,-0.04985573438480739,3.499120242138876
2,XGBoost_Tech_News,425,60,2025-09-22,2025-12-17,0.45,0.5,0.4888392857142857,0.45,0.32142857142857145,0.375,0.4799107142857143,0.06492546949533406,-0.05852044757299346,1.6552320894603185
3,Logistic_Technical,485,60,2025-12-18,2026-03-17,0.3,0.4666666666666667,0.52,0.42857142857142855,0.84,0.5675675675675675,0.3657142857142857,-0.19969140841903465,-0.258456604048088,-3.4808312718485728
3,RandomForest_Technical,485,60,2025-12-18,2026-03-17,0.3,0.43333333333333335,0.49714285714285716,0.41509433962264153,0.88,0.5641025641025641,0.4262857142857142,-0.26269738743885196,-0.28558022495470115,-4.922996017379382
3,XGBoost_Technical,485,60,2025-12-18,2026-03-17,0.3,0.5166666666666667,0.5342857142857143,0.4444444444444444,0.64,0.5245901639344263,0.5257142857142858,-0.11610844056694591,-0.21618706058846882,-1.8345469765633413
3,Logistic_Tech_News,485,60,2025-12-18,2026-03-17,0.3,0.43333333333333335,0.48571428571428577,0.40816326530612246,0.8,0.5405405405405406,0.3657142857142857,-0.22400029927802123,-0.2779492156898562,-4.0122388934585365
3,RandomForest_Tech_News,485,60,2025-12-18,2026-03-17,0.3,0.4166666666666667,0.45999999999999996,0.391304347826087,0.72,0.5070422535211268,0.36342857142857143,-0.2468944037744446,-0.2695138239347943,-4.5404602160154255
3,XGBoost_Tech_News,485,60,2025-12-18,2026-03-17,0.3,0.43333333333333335,0.46285714285714286,0.3902439024390244,0.64,0.48484848484848486,0.44000000000000006,-0.21112455084775827,-0.24699843839478364,-3.7272413539432487
4,Logistic_Technical,545,60,2026-03-18,2026-06-17,0.45,0.45,0.5,0.45,1.0,0.6206896551724138,0.46464646464646464,-0.089233056567945,-0.18191913516328218,-1.0427911062585409
4,RandomForest_Technical,545,60,2026-03-18,2026-06-17,0.45,0.55,0.5,0.0,0.0,0.0,0.5286195286195285,0.07022215692365652,-0.10168080241329847,1.0427911062585409
4,XGBoost_Technical,545,60,2026-03-18,2026-06-17,0.45,0.5666666666666667,0.531986531986532,0.5555555555555556,0.18518518518518517,0.2777777777777778,0.5634118967452301,0.16819233829055324,-0.10196466001092053,2.191926851321327
4,Logistic_Tech_News,545,60,2026-03-18,2026-06-17,0.45,0.45,0.5,0.45,1.0,0.6206896551724138,0.48933782267115594,-0.089233056567945,-0.18191913516328218,-1.0427911062585409
4,RandomForest_Tech_News,545,60,2026-03-18,2026-06-17,0.45,0.55,0.5,0.0,0.0,0.0,0.4534231200897868,0.07022215692365652,-0.10168080241329847,1.0427911062585409
4,XGBoost_Tech_News,545,60,2026-03-18,2026-06-17,0.45,0.5166666666666667,0.4797979797979798,0.375,0.1111111111111111,0.17142857142857143,0.5140291806958474,0.09943066009303059,-0.14715231359336023,1.3926288389428843
5,Logistic_Technical,605,46,2026-06-18,2026-08-21,0.6521739130434783,0.6086956521739131,0.6086956521739131,0.631578947368421,0.5217391304347826,0.5714285714285714,0.5652173913043477,0.23342717336270224,-0.0704121802951726,3.6094652675076326
5,RandomForest_Technical,605,46,2026-06-18,2026-08-21,0.6521739130434783,0.5,0.5,0.5,0.34782608695652173,0.41025641025641024,0.4896030245746692,-0.03267385550675772,-0.12928642223105946,-0.3540529725129707
5,XGBoost_Technical,605,46,2026-06-18,2026-08-21,0.6521739130434783,0.5,0.5,0.5,0.5217391304347826,0.5106382978723404,0.502835538752363,-0.005022871333647316,-0.09021733164554091,0.09519489801862359
5,Logistic_Tech_News,605,46,2026-06-18,2026-08-21,0.6521739130434783,0.6086956521739131,0.6086956521739131,0.631578947368421,0.5217391304347826,0.5714285714285714,0.5727788279773156,0.23342717336270224,-0.0704121802951726,3.6094652675076326
5,RandomForest_Tech_News,605,46,2026-06-18,2026-08-21,0.6521739130434783,0.5,0.5,0.5,0.43478260869565216,0.46511627906976744,0.4990548204158791,-0.07407813812931663,-0.1341650977726908,-1.053568143158815
5,XGBoost_Tech_News,605,46,2026-06-18,2026-08-21,0.6521739130434783,0.4782608695652174,0.4782608695652174,0.48,0.5217391304347826,0.5,0.5406427221172023,-0.01842485993214893,-0.09021733164554047,-0.12106253182408962
