Date,Actual,Prediction,Probability_Up,Model
2025-01-15,0,0,0.39820207612537306,Logistic
2025-01-16,0,0,0.44728255578358245,Logistic
2025-01-17,0,0,0.42437402658025114,Logistic
2025-01-20,0,0,0.4057543814675068,Logistic
2025-01-21,1,0,0.43712156583974976,Logistic
2025-01-22,0,0,0.3379770067290379,Logistic
2025-01-23,0,0,0.3598027872883065,Logistic
2025-01-24,0,0,0.319023622622941,Logistic
2025-01-27,0,0,0.3763113635250176,Logistic
2025-01-28,1,0,0.3658630100124144,Logistic
2025-01-29,0,0,0.26546134342039396,Logistic
2025-01-30,0,0,0.3177744720652301,Logistic
2025-01-31,0,0,0.33425863289324814,Logistic
2025-02-01,0,0,0.4063490648870931,Logistic
2025-02-03,1,0,0.4538035399493123,Logistic
2025-02-04,0,0,0.33997941645865715,Logistic
2025-02-05,0,0,0.36189686491107015,Logistic
2025-02-06,0,0,0.4606606966007957,Logistic
2025-02-07,0,0,0.4942415321585667,Logistic
2025-02-10,0,0,0.4878291481209316,Logistic
2025-02-11,0,0,0.4984956557762527,Logistic
2025-02-12,0,0,0.47552413782024505,Logistic
2025-02-13,1,0,0.4855187543649958,Logistic
2025-02-14,0,0,0.47242670866348613,Logistic
2025-02-17,0,1,0.5691510699009699,Logistic
2025-02-18,0,1,0.5736177691483448,Logistic
2025-02-19,0,1,0.6339142348516446,Logistic
2025-02-20,0,1,0.5732320636852422,Logistic
2025-02-21,0,1,0.5572075996124434,Logistic
2025-02-24,0,1,0.620747575980074,Logistic
2025-02-25,0,1,0.6398249119689452,Logistic
2025-02-27,0,1,0.6220570125647155,Logistic
2025-02-28,0,1,0.7047329365621525,Logistic
2025-03-03,1,1,0.5875362535670606,Logistic
2025-03-04,0,1,0.5755591850402393,Logistic
2025-03-05,1,1,0.5559008353031171,Logistic
2025-03-06,0,1,0.5106096759928013,Logistic
2025-03-07,0,1,0.5269980584752825,Logistic
2025-03-10,0,1,0.5200402732042348,Logistic
2025-03-11,0,1,0.5555600997694932,Logistic
2025-03-12,0,1,0.5993712898020785,Logistic
2025-03-13,0,1,0.5358847029506547,Logistic
2025-03-17,0,1,0.5766209743428026,Logistic
2025-03-18,1,0,0.4939695734750849,Logistic
2025-03-20,0,0,0.4724602025454721,Logistic
2025-03-21,1,1,0.5563456235730777,Logistic
2025-03-24,1,0,0.4260996194948859,Logistic
2025-03-25,0,0,0.4611835338349037,Logistic
2025-03-26,0,1,0.5458837866581197,Logistic
2025-03-27,0,1,0.5722936653037576,Logistic
2025-03-28,0,1,0.5923409548430847,Logistic
2025-04-01,0,1,0.6800830375567238,Logistic
2025-04-02,0,1,0.627312615834581,Logistic
2025-04-03,0,1,0.7035838577755427,Logistic
2025-04-04,0,1,0.6774449287278345,Logistic
2025-04-07,0,1,0.7940915310824782,Logistic
2025-04-08,0,1,0.5967468491429804,Logistic
2025-04-09,0,1,0.5854015943034049,Logistic
2025-04-11,0,1,0.6220538855350132,Logistic
2025-04-15,1,1,0.5789081325387118,Logistic
2025-04-16,1,1,0.6007084096683407,Logistic
2025-04-17,0,1,0.6162514406321009,Logistic
2025-04-21,0,1,0.5947369796309765,Logistic
2025-04-22,1,1,0.6060904561368988,Logistic
2025-04-23,0,1,0.5643499207091502,Logistic
2025-04-24,1,1,0.5795759855202709,Logistic
2025-04-25,0,1,0.5471031143124796,Logistic
2025-04-28,1,1,0.5389638075923481,Logistic
2025-04-29,0,0,0.4971399676310007,Logistic
2025-04-30,0,1,0.5181888843384185,Logistic
2025-05-02,0,1,0.501741979865664,Logistic
2025-05-05,0,0,0.44432535611935653,Logistic
2025-05-06,0,0,0.4307840064682397,Logistic
2025-05-07,0,1,0.5452877099373419,Logistic
2025-05-08,0,1,0.5502455152234185,Logistic
2025-05-09,1,1,0.6151236605221064,Logistic
2025-05-12,0,0,0.39459615089317196,Logistic
2025-05-13,1,1,0.5245295702256053,Logistic
2025-05-14,1,0,0.4825563899430431,Logistic
2025-05-15,0,1,0.5032882563022492,Logistic
2025-05-16,0,1,0.514483345965526,Logistic
2025-05-19,0,0,0.489646816000624,Logistic
2025-05-20,0,1,0.5189244838429508,Logistic
2025-05-21,0,0,0.4780418178306827,Logistic
2025-05-22,1,1,0.5181734399735436,Logistic
2025-05-23,0,0,0.4790152143759389,Logistic
2025-05-26,0,0,0.36199130994146383,Logistic
2025-05-27,0,0,0.4396643320416156,Logistic
2025-05-28,0,0,0.3671034265448069,Logistic
2025-05-29,0,0,0.3930266431383947,Logistic
2025-05-30,0,0,0.4553953253640469,Logistic
2025-06-02,0,0,0.41256470224603864,Logistic
2025-06-03,0,0,0.46673609328471555,Logistic
2025-06-04,0,0,0.4585362245444401,Logistic
2025-06-05,0,0,0.45113764341357726,Logistic
2025-06-06,1,0,0.4188188315832946,Logistic
2025-06-09,1,0,0.4644758201416715,Logistic
2025-06-10,0,1,0.5252651216871278,Logistic
2025-06-11,0,1,0.5237139726554424,Logistic
2025-06-12,0,1,0.5751924862124385,Logistic
2025-06-13,1,1,0.5920586135496824,Logistic
2025-06-16,1,1,0.532437785100649,Logistic
2025-06-17,0,1,0.5044479301357437,Logistic
2025-06-18,0,1,0.5825355762726133,Logistic
2025-06-19,0,1,0.6014559811640889,Logistic
2025-06-20,0,1,0.580759732933817,Logistic
2025-06-23,0,1,0.5919109665868862,Logistic
2025-06-24,1,1,0.5409235219377996,Logistic
2025-06-25,0,1,0.5043333744893591,Logistic
2025-06-26,0,1,0.5448231855919884,Logistic
2025-06-27,1,1,0.5328850651968005,Logistic
2025-06-30,0,1,0.5214115022943345,Logistic
2025-07-01,0,1,0.576518553062326,Logistic
2025-07-02,0,1,0.5374052856340601,Logistic
2025-07-03,1,1,0.5629709522839241,Logistic
2025-07-04,0,1,0.5357733018190806,Logistic
2025-07-07,0,1,0.5556905715533544,Logistic
2025-07-08,0,1,0.565810803299423,Logistic
2025-07-09,0,1,0.53387125290743,Logistic
2025-07-10,0,1,0.565642081226225,Logistic
2025-07-11,0,1,0.6907767444847819,Logistic
2025-07-14,1,1,0.6248084226425369,Logistic
2025-07-15,0,1,0.6013922530611566,Logistic
2025-07-16,0,1,0.6119583571088689,Logistic
2025-07-17,0,1,0.6260368166355226,Logistic
2025-07-18,0,1,0.6267437969249593,Logistic
2025-07-21,0,1,0.6585629910528985,Logistic
2025-07-22,1,1,0.6188374496376757,Logistic
2025-07-23,0,1,0.6076127480906083,Logistic
2025-07-24,0,1,0.6353450179910474,Logistic
2025-07-25,0,1,0.6453016212792592,Logistic
2025-07-28,0,1,0.695186545428932,Logistic
2025-07-29,0,1,0.6795418217347299,Logistic
2025-07-30,0,1,0.6351107910905536,Logistic
2025-07-31,0,1,0.6545421122637604,Logistic
2025-08-01,1,1,0.6486099015317006,Logistic
2025-08-04,0,1,0.6290676838471195,Logistic
2025-08-05,0,1,0.5877197779676696,Logistic
2025-08-06,0,1,0.5857137203524301,Logistic
2025-08-07,0,1,0.5996497175113173,Logistic
2025-08-08,0,1,0.6512076869475409,Logistic
2025-08-11,0,1,0.6288482560449467,Logistic
2025-08-12,0,1,0.6762552057311912,Logistic
2025-08-13,0,1,0.6588778306102724,Logistic
2025-08-14,0,1,0.6786114086658434,Logistic
2025-08-18,0,1,0.677419381974986,Logistic
2025-08-19,1,1,0.6330497504818919,Logistic
2025-08-20,0,1,0.6250252512771632,Logistic
2025-08-21,0,1,0.5854626528281967,Logistic
2025-08-22,1,1,0.6265173284788217,Logistic
2025-08-25,0,1,0.5872899583825777,Logistic
2025-08-26,0,1,0.6432568853770576,Logistic
2025-08-28,0,1,0.6277079478232355,Logistic
2025-08-29,1,1,0.6094847532558039,Logistic
2025-09-01,0,1,0.6065691410132772,Logistic
2025-09-02,0,1,0.600113717754404,Logistic
2025-09-03,0,1,0.5995769115564398,Logistic
2025-09-04,0,1,0.5682324066039304,Logistic
2025-09-05,0,1,0.6306493154301452,Logistic
2025-09-08,1,1,0.6255889840261644,Logistic
2025-09-09,1,1,0.5455804449694943,Logistic
2025-09-10,0,1,0.5446605091411139,Logistic
2025-09-11,0,1,0.5348391801498377,Logistic
2025-09-12,0,1,0.5320461560938867,Logistic
2025-09-15,1,1,0.5767615817963762,Logistic
2025-09-16,1,1,0.5609788091870586,Logistic
2025-09-17,0,1,0.5149200759489898,Logistic
2025-09-18,0,1,0.5197941920783309,Logistic
2025-09-19,0,1,0.5920524131663506,Logistic
2025-09-22,0,1,0.6973036402888376,Logistic
2025-09-23,0,1,0.638491314420756,Logistic
2025-09-24,0,1,0.5801020329355636,Logistic
2025-09-25,0,1,0.6430651850760349,Logistic
2025-09-26,0,1,0.6224362108756201,Logistic
2025-09-29,0,1,0.604271771210383,Logistic
2025-09-30,1,1,0.5744381043173734,Logistic
2025-10-01,0,1,0.550353751018236,Logistic
2025-10-03,1,1,0.5509555892556846,Logistic
2025-10-06,0,1,0.5198864765080335,Logistic
2025-10-07,1,1,0.5490950440213335,Logistic
2025-10-08,1,1,0.5451968990048623,Logistic
2025-10-09,0,1,0.5137508896592753,Logistic
2025-10-10,0,1,0.6491526008985868,Logistic
2025-10-13,0,1,0.5950743946410896,Logistic
2025-10-14,0,1,0.6357004773832677,Logistic
2025-10-15,0,1,0.596812193918392,Logistic
2025-10-16,0,1,0.5489992652764226,Logistic
2025-10-17,1,1,0.5483244964013664,Logistic
2025-10-20,0,0,0.4505128715969347,Logistic
2025-10-21,1,0,0.48902877783062176,Logistic
2025-10-23,0,0,0.4153133258039246,Logistic
2025-10-24,1,0,0.44333574618460736,Logistic
2025-10-27,0,0,0.4982886717787756,Logistic
2025-10-28,0,1,0.5654582958330144,Logistic
2025-10-29,0,1,0.5965940421253464,Logistic
2025-10-30,1,1,0.58616700629737,Logistic
2025-10-31,0,1,0.5776171377180425,Logistic
2025-11-03,0,1,0.6026651922845807,Logistic
2025-11-04,1,1,0.599452131714712,Logistic
2025-11-06,0,1,0.5881565562947257,Logistic
2025-11-07,1,1,0.5675914550377795,Logistic
2025-11-10,1,1,0.530276043368089,Logistic
2025-11-11,1,1,0.515475740617808,Logistic
2025-11-12,0,1,0.5122617369184935,Logistic
2025-11-13,0,1,0.530188420644504,Logistic
2025-11-14,0,1,0.5672185363972488,Logistic
2025-11-17,0,1,0.555084879385073,Logistic
2025-11-18,1,1,0.5790735468786292,Logistic
2025-11-19,0,1,0.5310615761082534,Logistic
2025-11-20,0,1,0.5228154337742912,Logistic
2025-11-21,0,1,0.5791441653529975,Logistic
2025-11-24,0,1,0.6069169990157809,Logistic
2025-11-25,1,1,0.5754947617968487,Logistic
2025-11-26,0,0,0.4952283348987096,Logistic
2025-11-27,0,1,0.511516187856762,Logistic
2025-11-28,0,1,0.5040585142078149,Logistic
2025-12-01,0,1,0.5040462162202906,Logistic
2025-12-02,1,1,0.5557326376757699,Logistic
2025-12-03,1,1,0.5021380660747247,Logistic
2025-12-04,0,0,0.48926125308342755,Logistic
2025-12-05,0,1,0.5351745057481104,Logistic
2025-12-08,0,1,0.5474910968384264,Logistic
2025-12-09,0,1,0.6085858667889846,Logistic
2025-12-10,0,1,0.5816507529184893,Logistic
2025-12-11,1,1,0.576756040384828,Logistic
2025-12-12,0,1,0.541167464834583,Logistic
2025-12-15,0,1,0.5477629757974245,Logistic
2025-12-16,0,1,0.5881077271996964,Logistic
2025-12-17,1,1,0.5631155671787503,Logistic
2025-12-18,0,0,0.4898055973786037,Logistic
2025-12-19,1,0,0.4845272435802867,Logistic
2025-12-22,0,0,0.44796085739038216,Logistic
2025-12-23,0,1,0.5101621591592804,Logistic
2025-12-24,0,1,0.5136467346692448,Logistic
2025-12-26,0,1,0.5350978333065584,Logistic
2025-12-29,0,1,0.5366367424558326,Logistic
2025-12-30,0,1,0.5185039051384328,Logistic
2025-12-31,1,1,0.5593940152343403,Logistic
2026-01-01,1,1,0.5116555661627133,Logistic
2026-01-02,0,0,0.4734684552762479,Logistic
2026-01-05,1,1,0.5280543214505662,Logistic
2026-01-06,1,0,0.4835016935844193,Logistic
2026-01-07,0,0,0.4824505194700123,Logistic
2026-01-08,0,1,0.5546045516623984,Logistic
2026-01-09,1,1,0.5024801511260049,Logistic
2026-01-12,1,1,0.5236028622673643,Logistic
2026-01-13,0,1,0.521890638602303,Logistic
2026-01-14,0,1,0.5555152229068513,Logistic
2026-01-15,0,0,0.4944866395632582,Logistic
2026-01-19,0,1,0.5736601586402755,Logistic
2026-01-20,1,1,0.5673865280553818,Logistic
2026-01-21,1,1,0.5206745522299552,Logistic
2026-01-22,0,0,0.4923988712774738,Logistic
2026-01-23,0,0,0.46291179327709536,Logistic
2026-01-27,1,1,0.5129714757565199,Logistic
2026-01-28,0,0,0.47607452264684696,Logistic
2026-01-29,0,1,0.5396396291793206,Logistic
2026-01-30,1,1,0.5369557259984318,Logistic
2026-02-02,1,0,0.4512714857524679,Logistic
2026-02-03,0,0,0.4200085966480016,Logistic
2026-02-04,0,1,0.686589066703597,Logistic
2026-02-05,0,1,0.5677462212782363,Logistic
2026-02-06,0,1,0.6053651542126913,Logistic
2026-02-09,1,1,0.5018716925672402,Logistic
2026-02-10,0,0,0.45547899401785485,Logistic
2026-02-11,0,1,0.5005835504665652,Logistic
2026-02-12,0,1,0.6394029653346587,Logistic
2026-02-13,0,1,0.767055982177465,Logistic
2026-02-16,0,1,0.5199536506894684,Logistic
2026-02-17,0,0,0.4558644104742461,Logistic
2026-02-18,0,1,0.5093282745924272,Logistic
2026-02-19,0,1,0.530737225748037,Logistic
2026-02-20,0,1,0.5401678168762553,Logistic
2026-02-23,0,1,0.524693352585984,Logistic
2026-02-24,1,1,0.5675262848026774,Logistic
2026-02-25,0,0,0.4957232778086282,Logistic
2026-02-26,0,0,0.49582846632288746,Logistic
2026-02-27,0,1,0.523799700453911,Logistic
2026-03-02,0,1,0.5810126190729785,Logistic
2026-03-04,0,1,0.568134930819147,Logistic
2026-03-05,0,1,0.6397033570660695,Logistic
2026-03-06,0,1,0.6419802688088746,Logistic
2026-03-09,0,1,0.6521995557292987,Logistic
2026-03-10,0,1,0.6373669778346108,Logistic
2026-03-11,0,1,0.6827384836986234,Logistic
2026-03-12,0,1,0.6511407103075657,Logistic
2026-03-13,0,1,0.7197193232187288,Logistic
2026-03-16,0,1,0.7328327925655651,Logistic
2026-03-17,1,1,0.7203221147899427,Logistic
2026-03-18,0,1,0.7275006854568209,Logistic
2026-03-19,1,1,0.7509073801418568,Logistic
2026-03-20,0,1,0.7250041952509837,Logistic
2026-03-23,0,1,0.7608545557295238,Logistic
2026-03-24,0,1,0.7189754391404601,Logistic
2026-03-25,0,1,0.7757121830330902,Logistic
2026-03-27,0,1,0.7960687064003089,Logistic
2026-03-30,1,1,0.8260325080269519,Logistic
2026-04-01,1,1,0.7523169083905663,Logistic
2026-04-02,1,1,0.7923198855929058,Logistic
2026-04-06,1,1,0.6947602664395988,Logistic
2026-04-07,0,1,0.7349873906754275,Logistic
2026-04-08,1,1,0.685200451771506,Logistic
2026-04-09,0,1,0.711392335326325,Logistic
2026-04-10,0,1,0.7660507136278545,Logistic
2026-04-13,1,1,0.7778398474296797,Logistic
2026-04-15,0,1,0.7154233942444961,Logistic
2026-04-16,0,1,0.7030199651451932,Logistic
2026-04-17,0,1,0.6787739386817226,Logistic
2026-04-20,1,1,0.6631994000493249,Logistic
2026-04-21,0,1,0.6754530145916363,Logistic
2026-04-22,0,1,0.6903172998516083,Logistic
2026-04-23,0,1,0.6562287559000017,Logistic
2026-04-24,1,1,0.6945649462681887,Logistic
2026-04-27,0,1,0.6900133491577383,Logistic
2026-04-28,1,1,0.6822284632373078,Logistic
2026-04-29,0,1,0.6115272412750533,Logistic
2026-04-30,0,1,0.6074277597696631,Logistic
2026-05-01,0,1,0.5887447178913455,Logistic
2026-05-05,0,1,0.5972706751245905,Logistic
2026-05-06,0,1,0.5788059360495814,Logistic
2026-05-07,0,1,0.5986015130924647,Logistic
2026-05-08,0,1,0.6245946905888327,Logistic
2026-05-11,0,1,0.6224080392683896,Logistic
2026-05-12,0,1,0.6833802063842607,Logistic
2026-05-13,0,1,0.6384325010385252,Logistic
2026-05-14,0,1,0.6370906010477597,Logistic
2026-05-15,0,1,0.5928467445075888,Logistic
2026-05-18,1,1,0.5760808825379314,Logistic
2026-05-19,0,1,0.6232820408526512,Logistic
2026-05-20,0,1,0.5898066716420417,Logistic
2026-05-21,0,1,0.6068194274849386,Logistic
2026-05-22,0,1,0.689605622391154,Logistic
2026-05-25,0,1,0.6913013985735945,Logistic
2026-05-26,0,1,0.6893400643114203,Logistic
2026-05-27,0,1,0.6948147025911972,Logistic
2026-05-28,0,1,0.6551204903077554,Logistic
2026-06-01,1,1,0.7206652075464217,Logistic
2026-06-02,0,1,0.6213062422124934,Logistic
2026-06-03,0,1,0.7101795934123266,Logistic
2026-06-04,0,1,0.6640778405122453,Logistic
2026-06-05,0,1,0.6422495908503202,Logistic
2026-06-08,0,1,0.6762241265105003,Logistic
2026-06-09,0,1,0.5778895585347139,Logistic
2026-06-10,0,1,0.6123764025383074,Logistic
2026-06-11,0,1,0.6205494199074361,Logistic
2026-06-12,0,1,0.5787933253487483,Logistic
2026-06-15,1,1,0.5271832198601899,Logistic
2026-06-16,0,0,0.4245265770819129,Logistic
2026-06-17,0,0,0.41441002564581086,Logistic
2026-06-18,0,0,0.45260872573553773,Logistic
2026-06-19,0,1,0.6635884500512786,Logistic
2026-06-22,0,1,0.6053069107246057,Logistic
2026-06-23,1,1,0.6158547218407469,Logistic
2026-06-24,0,1,0.5777620218969097,Logistic
2026-06-25,0,1,0.535969679261802,Logistic
2026-06-26,0,0,0.4679628282570394,Logistic
2026-06-30,0,1,0.5855660702783633,Logistic
2026-07-01,1,1,0.7012850566053422,Logistic
2026-07-02,1,1,0.6593895871594487,Logistic
2026-07-03,0,1,0.6304428921538927,Logistic
2026-07-06,1,1,0.6560628241201715,Logistic
2026-07-07,0,1,0.7252871381362901,Logistic
2026-07-08,0,1,0.6984869777999367,Logistic
2026-07-09,0,1,0.6624700221359008,Logistic
2026-07-10,1,1,0.6201597893910532,Logistic
2026-07-13,0,1,0.6763797130113866,Logistic
2026-07-14,0,1,0.6368080876561193,Logistic
2026-07-15,0,1,0.6971512840421272,Logistic
2026-07-16,1,1,0.6164999274735853,Logistic
2026-07-17,0,1,0.568806852372884,Logistic
2026-07-20,0,0,0.47513326252011673,Logistic
2026-07-21,0,1,0.506089904844642,Logistic
2026-07-22,1,1,0.5483770049747673,Logistic
2026-07-23,0,1,0.5555555682369551,Logistic
2026-07-24,1,1,0.5281894176683272,Logistic
2026-07-27,1,0,0.36408580632838644,Logistic
2026-07-28,1,0,0.40048183137696647,Logistic
2026-07-29,0,0,0.42991626849772385,Logistic
2026-07-30,0,0,0.49274884596918134,Logistic
2026-07-31,1,1,0.541369948918184,Logistic
2026-08-03,0,0,0.47655013511285965,Logistic
2026-08-04,0,0,0.39668523674541734,Logistic
2026-08-05,0,0,0.44124611587159435,Logistic
2026-08-06,1,0,0.47425701288579236,Logistic
2026-08-07,0,0,0.4834281606362197,Logistic
2025-01-15,0,0,0.3723779906003683,RandomForest
2025-01-16,0,0,0.418491165214071,RandomForest
2025-01-17,0,0,0.40772851470357674,RandomForest
2025-01-20,0,0,0.41457868013869603,RandomForest
2025-01-21,1,0,0.40302634671164933,RandomForest
2025-01-22,0,0,0.3560686521548981,RandomForest
2025-01-23,0,0,0.3711981227440849,RandomForest
2025-01-24,0,0,0.3814736553462858,RandomForest
2025-01-27,0,0,0.4318147991633233,RandomForest
2025-01-28,1,0,0.4288943165336165,RandomForest
2025-01-29,0,0,0.385055992535968,RandomForest
2025-01-30,0,0,0.3875354719571861,RandomForest
2025-01-31,0,0,0.3735116612730684,RandomForest
2025-02-01,0,0,0.4043006016526985,RandomForest
2025-02-03,1,0,0.39535074334085646,RandomForest
2025-02-04,0,0,0.3993644937520648,RandomForest
2025-02-05,0,0,0.37587153145192553,RandomForest
2025-02-06,0,0,0.41765084374812805,RandomForest
2025-02-07,0,0,0.4277168425460217,RandomForest
2025-02-10,0,0,0.40318441830254026,RandomForest
2025-02-11,0,0,0.4324054983275678,RandomForest
2025-02-12,0,0,0.4138777483247619,RandomForest
2025-02-13,1,0,0.45365688094908596,RandomForest
2025-02-14,0,0,0.4100593601316147,RandomForest
2025-02-17,0,0,0.43573179897512926,RandomForest
2025-02-18,0,0,0.47658855025195396,RandomForest
2025-02-19,0,1,0.5811372639716667,RandomForest
2025-02-20,0,1,0.5212879016133922,RandomForest
2025-02-21,0,0,0.47693802386704653,RandomForest
2025-02-24,0,1,0.586456314092342,RandomForest
2025-02-25,0,1,0.5837515363955094,RandomForest
2025-02-27,0,1,0.5570170358606128,RandomForest
2025-02-28,0,1,0.6241658059387605,RandomForest
2025-03-03,1,1,0.5355214269793858,RandomForest
2025-03-04,0,1,0.5283643345490036,RandomForest
2025-03-05,1,1,0.5174892043731044,RandomForest
2025-03-06,0,0,0.4926615339930121,RandomForest
2025-03-07,0,0,0.4214535729217391,RandomForest
2025-03-10,0,0,0.4278834745740767,RandomForest
2025-03-11,0,0,0.4277791160217833,RandomForest
2025-03-12,0,0,0.4999637120718527,RandomForest
2025-03-13,0,0,0.42283291943870527,RandomForest
2025-03-17,0,0,0.4518143122134481,RandomForest
2025-03-18,1,0,0.437588698590454,RandomForest
2025-03-20,0,0,0.44736793413017023,RandomForest
2025-03-21,1,0,0.47273180079245286,RandomForest
2025-03-24,1,0,0.4321174549273466,RandomForest
2025-03-25,0,0,0.4618704674190971,RandomForest
2025-03-26,0,0,0.43571449125253864,RandomForest
2025-03-27,0,0,0.4443680899741311,RandomForest
2025-03-28,0,0,0.460227023992187,RandomForest
2025-04-01,0,0,0.47633349122057184,RandomForest
2025-04-02,0,0,0.4526198174665773,RandomForest
2025-04-03,0,1,0.5604977068794916,RandomForest
2025-04-04,0,1,0.5850814158507817,RandomForest
2025-04-07,0,1,0.5511654811580853,RandomForest
2025-04-08,0,1,0.5508085839419032,RandomForest
2025-04-09,0,1,0.5411265860325504,RandomForest
2025-04-11,0,1,0.5846304392629723,RandomForest
2025-04-15,1,1,0.5536237085696225,RandomForest
2025-04-16,1,0,0.49465221149535393,RandomForest
2025-04-17,0,1,0.5066343420427967,RandomForest
2025-04-21,0,0,0.4969798709450257,RandomForest
2025-04-22,1,0,0.47153180489106983,RandomForest
2025-04-23,0,0,0.4480868344168477,RandomForest
2025-04-24,1,0,0.44234510429232843,RandomForest
2025-04-25,0,0,0.44791082811029437,RandomForest
2025-04-28,1,0,0.4329565426009448,RandomForest
2025-04-29,0,0,0.40912536039521,RandomForest
2025-04-30,0,0,0.4625057525959947,RandomForest
2025-05-02,0,0,0.43843082087948543,RandomForest
2025-05-05,0,0,0.39925583711396817,RandomForest
2025-05-06,0,0,0.4072887643887679,RandomForest
2025-05-07,0,0,0.4346036227138633,RandomForest
2025-05-08,0,0,0.4609072363503824,RandomForest
2025-05-09,1,0,0.46491614424961747,RandomForest
2025-05-12,0,0,0.36703442561375654,RandomForest
2025-05-13,1,0,0.486611665038317,RandomForest
2025-05-14,1,0,0.392053066327371,RandomForest
2025-05-15,0,0,0.43257965679982135,RandomForest
2025-05-16,0,0,0.3918453154323761,RandomForest
2025-05-19,0,0,0.43134740632201746,RandomForest
2025-05-20,0,0,0.41165953192660976,RandomForest
2025-05-21,0,0,0.4042490352530001,RandomForest
2025-05-22,1,0,0.42025127122565764,RandomForest
2025-05-23,0,0,0.42445275510683433,RandomForest
2025-05-26,0,0,0.3970132925422707,RandomForest
2025-05-27,0,0,0.43619938837760436,RandomForest
2025-05-28,0,0,0.37451465746060353,RandomForest
2025-05-29,0,0,0.42664646098264575,RandomForest
2025-05-30,0,0,0.422247495515542,RandomForest
2025-06-02,0,0,0.39515917322950644,RandomForest
2025-06-03,0,0,0.4818225826419258,RandomForest
2025-06-04,0,0,0.44302662328118586,RandomForest
2025-06-05,0,0,0.47848253863996315,RandomForest
2025-06-06,1,0,0.4329190613720255,RandomForest
2025-06-09,1,0,0.4407673812304393,RandomForest
2025-06-10,0,0,0.4749559544857935,RandomForest
2025-06-11,0,0,0.4671709303685443,RandomForest
2025-06-12,0,0,0.49152367275186126,RandomForest
2025-06-13,1,0,0.4645024023487535,RandomForest
2025-06-16,1,0,0.49068135727881435,RandomForest
2025-06-17,0,0,0.4869256795356799,RandomForest
2025-06-18,0,0,0.4893377419117679,RandomForest
2025-06-19,0,0,0.46065507495090907,RandomForest
2025-06-20,0,0,0.46890612174971297,RandomForest
2025-06-23,0,1,0.5026387892496567,RandomForest
2025-06-24,1,1,0.5053858456248373,RandomForest
2025-06-25,0,0,0.4790818049746923,RandomForest
2025-06-26,0,0,0.47192995441215724,RandomForest
2025-06-27,1,0,0.45563364375657306,RandomForest
2025-06-30,0,0,0.4684805105769561,RandomForest
2025-07-01,0,0,0.4975635996714589,RandomForest
2025-07-02,0,1,0.5207862950647133,RandomForest
2025-07-03,1,0,0.48608469122843845,RandomForest
2025-07-04,0,0,0.4872151685609444,RandomForest
2025-07-07,0,0,0.4901732348351513,RandomForest
2025-07-08,0,1,0.5020495018768286,RandomForest
2025-07-09,0,0,0.49439054223309487,RandomForest
2025-07-10,0,1,0.5236990471548244,RandomForest
2025-07-11,0,1,0.5491412244529624,RandomForest
2025-07-14,1,1,0.5570762972305239,RandomForest
2025-07-15,0,1,0.512742632335768,RandomForest
2025-07-16,0,1,0.5226128093830268,RandomForest
2025-07-17,0,1,0.5177861910843552,RandomForest
2025-07-18,0,1,0.5325736363575587,RandomForest
2025-07-21,0,1,0.5663821341625841,RandomForest
2025-07-22,1,1,0.5423176051824602,RandomForest
2025-07-23,0,1,0.559877110569325,RandomForest
2025-07-24,0,1,0.5502810680120936,RandomForest
2025-07-25,0,1,0.557516515945225,RandomForest
2025-07-28,0,1,0.5653728418895279,RandomForest
2025-07-29,0,1,0.6154514248978386,RandomForest
2025-07-30,0,1,0.5849805498013616,RandomForest
2025-07-31,0,1,0.5775579553075271,RandomForest
2025-08-01,1,1,0.5894629770713303,RandomForest
2025-08-04,0,1,0.5168548528587924,RandomForest
2025-08-05,0,1,0.5279455318562551,RandomForest
2025-08-06,0,1,0.5258739151333736,RandomForest
2025-08-07,0,1,0.5267594272173293,RandomForest
2025-08-08,0,1,0.5535052305681657,RandomForest
2025-08-11,0,1,0.5581077701485954,RandomForest
2025-08-12,0,1,0.5550253072771629,RandomForest
2025-08-13,0,1,0.5654810680136221,RandomForest
2025-08-14,0,1,0.5665910831984822,RandomForest
2025-08-18,0,1,0.562265845574865,RandomForest
2025-08-19,1,1,0.5853537114008899,RandomForest
2025-08-20,0,1,0.5192876600853934,RandomForest
2025-08-21,0,1,0.5254845496162668,RandomForest
2025-08-22,1,1,0.5440584315185873,RandomForest
2025-08-25,0,0,0.48737562498735804,RandomForest
2025-08-26,0,1,0.502776902417105,RandomForest
2025-08-28,0,1,0.5301285187171831,RandomForest
2025-08-29,1,1,0.5197834400144195,RandomForest
2025-09-01,0,1,0.5289176449702994,RandomForest
2025-09-02,0,1,0.5157473565365354,RandomForest
2025-09-03,0,1,0.513741506625163,RandomForest
2025-09-04,0,1,0.5291754088563647,RandomForest
2025-09-05,0,1,0.5437815464695389,RandomForest
2025-09-08,1,1,0.5385529496229285,RandomForest
2025-09-09,1,1,0.5453768046038824,RandomForest
2025-09-10,0,1,0.5308721385057691,RandomForest
2025-09-11,0,1,0.5352632528241318,RandomForest
2025-09-12,0,1,0.5418370410980075,RandomForest
2025-09-15,1,1,0.531450755716382,RandomForest
2025-09-16,1,1,0.5320592133967699,RandomForest
2025-09-17,0,1,0.508691348818257,RandomForest
2025-09-18,0,0,0.48721023448457995,RandomForest
2025-09-19,0,1,0.5429644313935459,RandomForest
2025-09-22,0,1,0.5711318870491108,RandomForest
2025-09-23,0,1,0.5528005985352613,RandomForest
2025-09-24,0,1,0.5598365569837727,RandomForest
2025-09-25,0,1,0.5678110232556169,RandomForest
2025-09-26,0,1,0.5942403484014174,RandomForest
2025-09-29,0,1,0.5808291546923526,RandomForest
2025-09-30,1,1,0.5889968514910937,RandomForest
2025-10-01,0,1,0.5631301031643309,RandomForest
2025-10-03,1,1,0.5573831039392366,RandomForest
2025-10-06,0,0,0.49855841500193265,RandomForest
2025-10-07,1,1,0.5262133784833598,RandomForest
2025-10-08,1,1,0.5141556258848103,RandomForest
2025-10-09,0,0,0.49969134937236476,RandomForest
2025-10-10,0,1,0.532233784055412,RandomForest
2025-10-13,0,1,0.5377492821776114,RandomForest
2025-10-14,0,1,0.5606279144673495,RandomForest
2025-10-15,0,1,0.5567324680235004,RandomForest
2025-10-16,0,1,0.5491781928189794,RandomForest
2025-10-17,1,1,0.5674599802995933,RandomForest
2025-10-20,0,1,0.5200771693096227,RandomForest
2025-10-21,1,1,0.558746228871901,RandomForest
2025-10-23,0,1,0.5407871113268923,RandomForest
2025-10-24,1,1,0.5102180283521739,RandomForest
2025-10-27,0,1,0.5407182772304985,RandomForest
2025-10-28,0,1,0.5515042525370943,RandomForest
2025-10-29,0,1,0.5679729093948385,RandomForest
2025-10-30,1,1,0.5473844756969352,RandomForest
2025-10-31,0,1,0.5490904549979617,RandomForest
2025-11-03,0,1,0.5455456573228842,RandomForest
2025-11-04,1,1,0.5524273059218051,RandomForest
2025-11-06,0,1,0.5580570534936291,RandomForest
2025-11-07,1,1,0.5686837532104148,RandomForest
2025-11-10,1,1,0.5622220643866483,RandomForest
2025-11-11,1,1,0.5603792438722587,RandomForest
2025-11-12,0,1,0.5155691418517391,RandomForest
2025-11-13,0,1,0.5243424345293564,RandomForest
2025-11-14,0,1,0.5321828687323553,RandomForest
2025-11-17,0,1,0.5248939148005051,RandomForest
2025-11-18,1,1,0.529991138683759,RandomForest
2025-11-19,0,1,0.5373151268866438,RandomForest
2025-11-20,0,1,0.5224637985872357,RandomForest
2025-11-21,0,1,0.5719105125078588,RandomForest
2025-11-24,0,1,0.5510440129372861,RandomForest
2025-11-25,1,1,0.5220458689829443,RandomForest
2025-11-26,0,1,0.5442755485653702,RandomForest
2025-11-27,0,1,0.5157187125093926,RandomForest
2025-11-28,0,1,0.5300194977228165,RandomForest
2025-12-01,0,1,0.5262893326612346,RandomForest
2025-12-02,1,1,0.5553573704998706,RandomForest
2025-12-03,1,1,0.5747021444541315,RandomForest
2025-12-04,0,1,0.5624945774964946,RandomForest
2025-12-05,0,1,0.5380498330902387,RandomForest
2025-12-08,0,0,0.49379012178914183,RandomForest
2025-12-09,0,1,0.5197523266572863,RandomForest
2025-12-10,0,1,0.533894584253385,RandomForest
2025-12-11,1,1,0.536725239088663,RandomForest
2025-12-12,0,1,0.537349635779081,RandomForest
2025-12-15,0,1,0.5431883915641851,RandomForest
2025-12-16,0,1,0.5142932004006885,RandomForest
2025-12-17,1,1,0.5538832427714795,RandomForest
2025-12-18,0,1,0.5218673786572959,RandomForest
2025-12-19,1,1,0.512653559164826,RandomForest
2025-12-22,0,0,0.47270949393318906,RandomForest
2025-12-23,0,0,0.4667339527429831,RandomForest
2025-12-24,0,0,0.49037033625320764,RandomForest
2025-12-26,0,0,0.46946699693753563,RandomForest
2025-12-29,0,0,0.47865010889580284,RandomForest
2025-12-30,0,0,0.47878347984095054,RandomForest
2025-12-31,1,1,0.5036297141328412,RandomForest
2026-01-01,1,1,0.506638798669916,RandomForest
2026-01-02,0,0,0.4948263679381907,RandomForest
2026-01-05,1,1,0.5053935728883703,RandomForest
2026-01-06,1,1,0.5308142987939153,RandomForest
2026-01-07,0,1,0.5029356591260808,RandomForest
2026-01-08,0,1,0.555614242076051,RandomForest
2026-01-09,1,1,0.5078720443635277,RandomForest
2026-01-12,1,1,0.5029556807176861,RandomForest
2026-01-13,0,1,0.5122671821443049,RandomForest
2026-01-14,0,1,0.5229910195044454,RandomForest
2026-01-15,0,1,0.5302759082192975,RandomForest
2026-01-19,0,1,0.5363036232802485,RandomForest
2026-01-20,1,1,0.5707704706419489,RandomForest
2026-01-21,1,1,0.549061502471416,RandomForest
2026-01-22,0,1,0.5548588054605269,RandomForest
2026-01-23,0,1,0.5372025994551876,RandomForest
2026-01-27,1,1,0.5774679689701068,RandomForest
2026-01-28,0,1,0.5303358059678531,RandomForest
2026-01-29,0,1,0.5594912057778518,RandomForest
2026-01-30,1,1,0.5577566863456968,RandomForest
2026-02-02,1,1,0.5594723453056919,RandomForest
2026-02-03,0,1,0.5613086717414169,RandomForest
2026-02-04,0,1,0.546579726487991,RandomForest
2026-02-05,0,0,0.4761599619870188,RandomForest
2026-02-06,0,1,0.5175519837496213,RandomForest
2026-02-09,1,0,0.45902654692887374,RandomForest
2026-02-10,0,0,0.47812873491160696,RandomForest
2026-02-11,0,0,0.48834523160736,RandomForest
2026-02-12,0,1,0.6008252052976759,RandomForest
2026-02-13,0,1,0.549018513891667,RandomForest
2026-02-16,0,1,0.5381886433434224,RandomForest
2026-02-17,0,1,0.5629144424371694,RandomForest
2026-02-18,0,1,0.5337382607630782,RandomForest
2026-02-19,0,1,0.5253997905943699,RandomForest
2026-02-20,0,1,0.5198845743661646,RandomForest
2026-02-23,0,1,0.5316438745704571,RandomForest
2026-02-24,1,1,0.5796961093156807,RandomForest
2026-02-25,0,1,0.5444257299377453,RandomForest
2026-02-26,0,1,0.5237192983328446,RandomForest
2026-02-27,0,1,0.5456200728527364,RandomForest
2026-03-02,0,1,0.5328342855785919,RandomForest
2026-03-04,0,1,0.5254553627194244,RandomForest
2026-03-05,0,1,0.5146757425790419,RandomForest
2026-03-06,0,1,0.540092612084441,RandomForest
2026-03-09,0,1,0.5694467170852899,RandomForest
2026-03-10,0,1,0.5912180274978464,RandomForest
2026-03-11,0,1,0.578027599079524,RandomForest
2026-03-12,0,1,0.5797685459926263,RandomForest
2026-03-13,0,1,0.6050158683860686,RandomForest
2026-03-16,0,1,0.623412043098885,RandomForest
2026-03-17,1,1,0.612525578337775,RandomForest
2026-03-18,0,1,0.5935899433158093,RandomForest
2026-03-19,1,1,0.6042817528360609,RandomForest
2026-03-20,0,1,0.606170079139414,RandomForest
2026-03-23,0,1,0.6049534060570207,RandomForest
2026-03-24,0,1,0.5734736487953508,RandomForest
2026-03-25,0,1,0.6055655572296454,RandomForest
2026-03-27,0,1,0.6164382625566601,RandomForest
2026-03-30,1,1,0.6097017496388493,RandomForest
2026-04-01,1,1,0.5916425402221763,RandomForest
2026-04-02,1,1,0.573073740949883,RandomForest
2026-04-06,1,1,0.5388748576378611,RandomForest
2026-04-07,0,1,0.5064789837507374,RandomForest
2026-04-08,1,1,0.5404400394428995,RandomForest
2026-04-09,0,1,0.5535113512959557,RandomForest
2026-04-10,0,1,0.5541075761532895,RandomForest
2026-04-13,1,1,0.517616714463667,RandomForest
2026-04-15,0,0,0.42318335227089987,RandomForest
2026-04-16,0,0,0.4309226902458226,RandomForest
2026-04-17,0,0,0.4559717531571371,RandomForest
2026-04-20,1,0,0.4449687034180558,RandomForest
2026-04-21,0,0,0.4802786221463392,RandomForest
2026-04-22,0,1,0.5450508756178931,RandomForest
2026-04-23,0,1,0.5214806198427432,RandomForest
2026-04-24,1,1,0.5738982782437192,RandomForest
2026-04-27,0,1,0.5005451967012036,RandomForest
2026-04-28,1,1,0.5053575714307279,RandomForest
2026-04-29,0,0,0.46984787693566404,RandomForest
2026-04-30,0,0,0.48942515045857665,RandomForest
2026-05-01,0,0,0.48871247392277045,RandomForest
2026-05-05,0,0,0.4765225472537728,RandomForest
2026-05-06,0,0,0.4783760900423752,RandomForest
2026-05-07,0,1,0.5111547305449239,RandomForest
2026-05-08,0,1,0.5033851177699982,RandomForest
2026-05-11,0,0,0.4896221086534683,RandomForest
2026-05-12,0,1,0.5594655160809008,RandomForest
2026-05-13,0,1,0.5661931644681079,RandomForest
2026-05-14,0,1,0.6053878153021479,RandomForest
2026-05-15,0,1,0.5719349126985085,RandomForest
2026-05-18,1,1,0.5450973286149653,RandomForest
2026-05-19,0,1,0.5068461804156482,RandomForest
2026-05-20,0,1,0.5252423665764554,RandomForest
2026-05-21,0,1,0.5148159102372833,RandomForest
2026-05-22,0,1,0.563647194172292,RandomForest
2026-05-25,0,1,0.5730803610469856,RandomForest
2026-05-26,0,1,0.5721585465372718,RandomForest
2026-05-27,0,1,0.5731670518861306,RandomForest
2026-05-28,0,1,0.5763331670980268,RandomForest
2026-06-01,1,1,0.6118588823572739,RandomForest
2026-06-02,0,0,0.3502106007534622,RandomForest
2026-06-03,0,1,0.564745877599586,RandomForest
2026-06-04,0,0,0.4895986197007879,RandomForest
2026-06-05,0,0,0.4855029454284792,RandomForest
2026-06-08,0,0,0.49137453337779796,RandomForest
2026-06-09,0,0,0.4856073792222526,RandomForest
2026-06-10,0,0,0.4679655687706629,RandomForest
2026-06-11,0,0,0.4743839970775167,RandomForest
2026-06-12,0,0,0.45751245338058383,RandomForest
2026-06-15,1,0,0.4586113901444828,RandomForest
2026-06-16,0,0,0.4617136745596013,RandomForest
2026-06-17,0,0,0.4461128030587089,RandomForest
2026-06-18,0,0,0.46751034679209874,RandomForest
2026-06-19,0,1,0.5288591590861121,RandomForest
2026-06-22,0,1,0.5088122119865902,RandomForest
2026-06-23,1,1,0.5308882766860025,RandomForest
2026-06-24,0,1,0.504137821597284,RandomForest
2026-06-25,0,0,0.49431024016736386,RandomForest
2026-06-26,0,0,0.4968520501243663,RandomForest
2026-06-30,0,1,0.5343164781671134,RandomForest
2026-07-01,1,1,0.6234679984396645,RandomForest
2026-07-02,1,0,0.4669735897273395,RandomForest
2026-07-03,0,0,0.4795374998207373,RandomForest
2026-07-06,1,0,0.4694957582194406,RandomForest
2026-07-07,0,1,0.5067228679023502,RandomForest
2026-07-08,0,0,0.48194874035933066,RandomForest
2026-07-09,0,0,0.48707649196410663,RandomForest
2026-07-10,1,1,0.5126556425628599,RandomForest
2026-07-13,0,0,0.3897591491425571,RandomForest
2026-07-14,0,0,0.4639131307995262,RandomForest
2026-07-15,0,0,0.39686078589206586,RandomForest
2026-07-16,1,0,0.45911061396810376,RandomForest
2026-07-17,0,0,0.365815562437908,RandomForest
2026-07-20,0,0,0.3500814539900569,RandomForest
2026-07-21,0,0,0.37292796900856195,RandomForest
2026-07-22,1,0,0.40409786710424517,RandomForest
2026-07-23,0,0,0.3890401180252257,RandomForest
2026-07-24,1,0,0.377137232738597,RandomForest
2026-07-27,1,0,0.3882043678105563,RandomForest
2026-07-28,1,0,0.2899010138642448,RandomForest
2026-07-29,0,0,0.28441636416019855,RandomForest
2026-07-30,0,0,0.27987137874549584,RandomForest
2026-07-31,1,0,0.39166961888045576,RandomForest
2026-08-03,0,0,0.2594267327924056,RandomForest
2026-08-04,0,0,0.2984358921632379,RandomForest
2026-08-05,0,0,0.36922645175758684,RandomForest
2026-08-06,1,0,0.4094890303357034,RandomForest
2026-08-07,0,0,0.359446849466161,RandomForest
2025-01-15,0,0,0.1430954784154892,XGBoost
2025-01-16,0,0,0.15592914819717407,XGBoost
2025-01-17,0,0,0.2115161269903183,XGBoost
2025-01-20,0,0,0.28422003984451294,XGBoost
2025-01-21,1,0,0.1908082216978073,XGBoost
2025-01-22,0,0,0.13013243675231934,XGBoost
2025-01-23,0,0,0.1311698853969574,XGBoost
2025-01-24,0,0,0.1575295478105545,XGBoost
2025-01-27,0,0,0.29065144062042236,XGBoost
2025-01-28,1,0,0.19285719096660614,XGBoost
2025-01-29,0,0,0.17022310197353363,XGBoost
2025-01-30,0,0,0.18492430448532104,XGBoost
2025-01-31,0,0,0.14116334915161133,XGBoost
2025-02-01,0,0,0.22937548160552979,XGBoost
2025-02-03,1,0,0.24068693816661835,XGBoost
2025-02-04,0,0,0.13784240186214447,XGBoost
2025-02-05,0,0,0.16641873121261597,XGBoost
2025-02-06,0,0,0.23582515120506287,XGBoost
2025-02-07,0,0,0.3479287028312683,XGBoost
2025-02-10,0,0,0.31561949849128723,XGBoost
2025-02-11,0,0,0.21397872269153595,XGBoost
2025-02-12,0,0,0.1871003955602646,XGBoost
2025-02-13,1,0,0.20596694946289062,XGBoost
2025-02-14,0,0,0.22763939201831818,XGBoost
2025-02-17,0,0,0.3192359209060669,XGBoost
2025-02-18,0,0,0.2840130031108856,XGBoost
2025-02-19,0,0,0.4929914176464081,XGBoost
2025-02-20,0,0,0.496105432510376,XGBoost
2025-02-21,0,0,0.3785407245159149,XGBoost
2025-02-24,0,0,0.41389986872673035,XGBoost
2025-02-25,0,1,0.5741790533065796,XGBoost
2025-02-27,0,1,0.5529467463493347,XGBoost
2025-02-28,0,1,0.5055927634239197,XGBoost
2025-03-03,1,0,0.4816623330116272,XGBoost
2025-03-04,0,0,0.49276265501976013,XGBoost
2025-03-05,1,0,0.44955509901046753,XGBoost
2025-03-06,0,0,0.4487472474575043,XGBoost
2025-03-07,0,0,0.29439806938171387,XGBoost
2025-03-10,0,0,0.42014217376708984,XGBoost
2025-03-11,0,0,0.35618460178375244,XGBoost
2025-03-12,0,0,0.38988107442855835,XGBoost
2025-03-13,0,0,0.3034043610095978,XGBoost
2025-03-17,0,0,0.3923426568508148,XGBoost
2025-03-18,1,0,0.4700614809989929,XGBoost
2025-03-20,0,0,0.3651849925518036,XGBoost
2025-03-21,1,0,0.3713189363479614,XGBoost
2025-03-24,1,0,0.30630752444267273,XGBoost
2025-03-25,0,0,0.25320371985435486,XGBoost
2025-03-26,0,0,0.3448423147201538,XGBoost
2025-03-27,0,0,0.39534780383110046,XGBoost
2025-03-28,0,0,0.47440415620803833,XGBoost
2025-04-01,0,0,0.45734378695487976,XGBoost
2025-04-02,0,0,0.423583984375,XGBoost
2025-04-03,0,0,0.3369556665420532,XGBoost
2025-04-04,0,0,0.41766783595085144,XGBoost
2025-04-07,0,0,0.4435243308544159,XGBoost
2025-04-08,0,0,0.4133215844631195,XGBoost
2025-04-09,0,0,0.4834333062171936,XGBoost
2025-04-11,0,0,0.4980504512786865,XGBoost
2025-04-15,1,0,0.43804335594177246,XGBoost
2025-04-16,1,0,0.40255582332611084,XGBoost
2025-04-17,0,0,0.4079206585884094,XGBoost
2025-04-21,0,0,0.40119698643684387,XGBoost
2025-04-22,1,0,0.3511502146720886,XGBoost
2025-04-23,0,0,0.2628324627876282,XGBoost
2025-04-24,1,0,0.28226718306541443,XGBoost
2025-04-25,0,0,0.25215592980384827,XGBoost
2025-04-28,1,0,0.2683260142803192,XGBoost
2025-04-29,0,0,0.17026758193969727,XGBoost
2025-04-30,0,0,0.3041093945503235,XGBoost
2025-05-02,0,0,0.2710326910018921,XGBoost
2025-05-05,0,0,0.25142958760261536,XGBoost
2025-05-06,0,0,0.23924264311790466,XGBoost
2025-05-07,0,0,0.3801065981388092,XGBoost
2025-05-08,0,0,0.25345364212989807,XGBoost
2025-05-09,1,0,0.32058143615722656,XGBoost
2025-05-12,0,0,0.10343501716852188,XGBoost
2025-05-13,1,0,0.26647722721099854,XGBoost
2025-05-14,1,0,0.15612933039665222,XGBoost
2025-05-15,0,0,0.14133214950561523,XGBoost
2025-05-16,0,0,0.15679359436035156,XGBoost
2025-05-19,0,0,0.23559947311878204,XGBoost
2025-05-20,0,0,0.2722960114479065,XGBoost
2025-05-21,0,0,0.26294276118278503,XGBoost
2025-05-22,1,0,0.24667254090309143,XGBoost
2025-05-23,0,0,0.2929980754852295,XGBoost
2025-05-26,0,0,0.21743609011173248,XGBoost
2025-05-27,0,0,0.20371098816394806,XGBoost
2025-05-28,0,0,0.16108573973178864,XGBoost
2025-05-29,0,0,0.17550553381443024,XGBoost
2025-05-30,0,0,0.16737470030784607,XGBoost
2025-06-02,0,0,0.16298900544643402,XGBoost
2025-06-03,0,0,0.23868624866008759,XGBoost
2025-06-04,0,0,0.23959395289421082,XGBoost
2025-06-05,0,0,0.20421870052814484,XGBoost
2025-06-06,1,0,0.197989359498024,XGBoost
2025-06-09,1,0,0.1761355847120285,XGBoost
2025-06-10,0,0,0.2794816792011261,XGBoost
2025-06-11,0,0,0.23273977637290955,XGBoost
2025-06-12,0,0,0.3546459972858429,XGBoost
2025-06-13,1,0,0.34230419993400574,XGBoost
2025-06-16,1,0,0.36879220604896545,XGBoost
2025-06-17,0,0,0.38385728001594543,XGBoost
2025-06-18,0,0,0.45219412446022034,XGBoost
2025-06-19,0,0,0.3499965965747833,XGBoost
2025-06-20,0,0,0.31435680389404297,XGBoost
2025-06-23,0,0,0.3757801651954651,XGBoost
2025-06-24,1,0,0.3328686058521271,XGBoost
2025-06-25,0,0,0.36928901076316833,XGBoost
2025-06-26,0,0,0.3117099404335022,XGBoost
2025-06-27,1,0,0.32198864221572876,XGBoost
2025-06-30,0,0,0.4018741250038147,XGBoost
2025-07-01,0,0,0.4224105179309845,XGBoost
2025-07-02,0,0,0.4996471405029297,XGBoost
2025-07-03,1,0,0.3748518228530884,XGBoost
2025-07-04,0,1,0.5388736724853516,XGBoost
2025-07-07,0,0,0.3785821199417114,XGBoost
2025-07-08,0,0,0.4997912347316742,XGBoost
2025-07-09,0,0,0.39837852120399475,XGBoost
2025-07-10,0,0,0.458056777715683,XGBoost
2025-07-11,0,0,0.4662659168243408,XGBoost
2025-07-14,1,1,0.5471978783607483,XGBoost
2025-07-15,0,0,0.3759044408798218,XGBoost
2025-07-16,0,0,0.4205729365348816,XGBoost
2025-07-17,0,0,0.4238109588623047,XGBoost
2025-07-18,0,0,0.41898107528686523,XGBoost
2025-07-21,0,0,0.43094977736473083,XGBoost
2025-07-22,1,1,0.5280066728591919,XGBoost
2025-07-23,0,0,0.47995525598526,XGBoost
2025-07-24,0,0,0.476616233587265,XGBoost
2025-07-25,0,0,0.4634423553943634,XGBoost
2025-07-28,0,0,0.4320415258407593,XGBoost
2025-07-29,0,1,0.6067260503768921,XGBoost
2025-07-30,0,1,0.5434394478797913,XGBoost
2025-07-31,0,0,0.4781741499900818,XGBoost
2025-08-01,1,1,0.5075761675834656,XGBoost
2025-08-04,0,0,0.3557063341140747,XGBoost
2025-08-05,0,0,0.4159097969532013,XGBoost
2025-08-06,0,0,0.4415558874607086,XGBoost
2025-08-07,0,0,0.3117760717868805,XGBoost
2025-08-08,0,0,0.46969330310821533,XGBoost
2025-08-11,0,0,0.4882014989852905,XGBoost
2025-08-12,0,1,0.5164937376976013,XGBoost
2025-08-13,0,1,0.561197817325592,XGBoost
2025-08-14,0,1,0.5455201268196106,XGBoost
2025-08-18,0,0,0.4759542644023895,XGBoost
2025-08-19,1,1,0.6060810685157776,XGBoost
2025-08-20,0,0,0.40085914731025696,XGBoost
2025-08-21,0,0,0.380673348903656,XGBoost
2025-08-22,1,1,0.52060866355896,XGBoost
2025-08-25,0,0,0.2600642740726471,XGBoost
2025-08-26,0,0,0.19093860685825348,XGBoost
2025-08-28,0,1,0.5015842914581299,XGBoost
2025-08-29,1,0,0.4392620325088501,XGBoost
2025-09-01,0,0,0.4339703619480133,XGBoost
2025-09-02,0,0,0.36908426880836487,XGBoost
2025-09-03,0,0,0.3684273064136505,XGBoost
2025-09-04,0,1,0.5783594250679016,XGBoost
2025-09-05,0,0,0.43299511075019836,XGBoost
2025-09-08,1,0,0.33834558725357056,XGBoost
2025-09-09,1,0,0.3891746699810028,XGBoost
2025-09-10,0,0,0.4319704473018646,XGBoost
2025-09-11,0,0,0.41434043645858765,XGBoost
2025-09-12,0,1,0.6422072052955627,XGBoost
2025-09-15,1,1,0.5086378455162048,XGBoost
2025-09-16,1,0,0.49722185730934143,XGBoost
2025-09-17,0,0,0.24213925004005432,XGBoost
2025-09-18,0,0,0.16806401312351227,XGBoost
2025-09-19,0,0,0.39429786801338196,XGBoost
2025-09-22,0,1,0.5555315613746643,XGBoost
2025-09-23,0,1,0.5265267491340637,XGBoost
2025-09-24,0,1,0.5585832595825195,XGBoost
2025-09-25,0,0,0.35924991965293884,XGBoost
2025-09-26,0,1,0.5005655288696289,XGBoost
2025-09-29,0,1,0.5687990784645081,XGBoost
2025-09-30,1,1,0.5756285190582275,XGBoost
2025-10-01,0,0,0.44834479689598083,XGBoost
2025-10-03,1,0,0.3695141077041626,XGBoost
2025-10-06,0,0,0.2997249960899353,XGBoost
2025-10-07,1,0,0.2966364026069641,XGBoost
2025-10-08,1,0,0.19196449220180511,XGBoost
2025-10-09,0,0,0.1942811906337738,XGBoost
2025-10-10,0,0,0.2880041301250458,XGBoost
2025-10-13,0,0,0.3973959982395172,XGBoost
2025-10-14,0,1,0.5544047355651855,XGBoost
2025-10-15,0,0,0.4186285734176636,XGBoost
2025-10-16,0,0,0.43598076701164246,XGBoost
2025-10-17,1,1,0.5201470255851746,XGBoost
2025-10-20,0,0,0.28419098258018494,XGBoost
2025-10-21,1,0,0.45625442266464233,XGBoost
2025-10-23,0,0,0.28496935963630676,XGBoost
2025-10-24,1,0,0.3263587951660156,XGBoost
2025-10-27,0,0,0.2768440246582031,XGBoost
2025-10-28,0,0,0.45701590180397034,XGBoost
2025-10-29,0,0,0.4952392578125,XGBoost
2025-10-30,1,0,0.421843945980072,XGBoost
2025-10-31,0,0,0.4267336130142212,XGBoost
2025-11-03,0,0,0.4602825939655304,XGBoost
2025-11-04,1,1,0.5393446087837219,XGBoost
2025-11-06,0,0,0.40202921628952026,XGBoost
2025-11-07,1,1,0.5112894773483276,XGBoost
2025-11-10,1,1,0.5496445298194885,XGBoost
2025-11-11,1,0,0.393608957529068,XGBoost
2025-11-12,0,0,0.1521284282207489,XGBoost
2025-11-13,0,0,0.4322718679904938,XGBoost
2025-11-14,0,0,0.35425427556037903,XGBoost
2025-11-17,0,0,0.3381473422050476,XGBoost
2025-11-18,1,0,0.3520629405975342,XGBoost
2025-11-19,0,0,0.2875818610191345,XGBoost
2025-11-20,0,0,0.3498031497001648,XGBoost
2025-11-21,0,0,0.4596925675868988,XGBoost
2025-11-24,0,0,0.38017651438713074,XGBoost
2025-11-25,1,0,0.39897191524505615,XGBoost
2025-11-26,0,0,0.4188213050365448,XGBoost
2025-11-27,0,0,0.3742177486419678,XGBoost
2025-11-28,0,0,0.42876899242401123,XGBoost
2025-12-01,0,0,0.3428705036640167,XGBoost
2025-12-02,1,0,0.4081258773803711,XGBoost
2025-12-03,1,1,0.5487478971481323,XGBoost
2025-12-04,0,1,0.5179609656333923,XGBoost
2025-12-05,0,0,0.447608083486557,XGBoost
2025-12-08,0,0,0.33851268887519836,XGBoost
2025-12-09,0,0,0.40421006083488464,XGBoost
2025-12-10,0,1,0.5031030178070068,XGBoost
2025-12-11,1,0,0.48312678933143616,XGBoost
2025-12-12,0,0,0.37381213903427124,XGBoost
2025-12-15,0,0,0.4554244577884674,XGBoost
2025-12-16,0,0,0.36755600571632385,XGBoost
2025-12-17,1,0,0.3583446741104126,XGBoost
2025-12-18,0,0,0.3170725703239441,XGBoost
2025-12-19,1,0,0.3481813967227936,XGBoost
2025-12-22,0,0,0.2433810830116272,XGBoost
2025-12-23,0,0,0.25111711025238037,XGBoost
2025-12-24,0,0,0.4109877347946167,XGBoost
2025-12-26,0,0,0.25625136494636536,XGBoost
2025-12-29,0,0,0.2166212648153305,XGBoost
2025-12-30,0,0,0.16733041405677795,XGBoost
2025-12-31,1,0,0.22896330058574677,XGBoost
2026-01-01,1,0,0.3367263376712799,XGBoost
2026-01-02,0,0,0.22073009610176086,XGBoost
2026-01-05,1,0,0.29920336604118347,XGBoost
2026-01-06,1,0,0.35727688670158386,XGBoost
2026-01-07,0,0,0.24632790684700012,XGBoost
2026-01-08,0,0,0.3285309076309204,XGBoost
2026-01-09,1,0,0.27045300602912903,XGBoost
2026-01-12,1,0,0.20448388159275055,XGBoost
2026-01-13,0,0,0.19355422258377075,XGBoost
2026-01-14,0,0,0.33810871839523315,XGBoost
2026-01-15,0,0,0.49688267707824707,XGBoost
2026-01-19,0,0,0.3676888942718506,XGBoost
2026-01-20,1,0,0.4323100447654724,XGBoost
2026-01-21,1,0,0.3795497417449951,XGBoost
2026-01-22,0,0,0.40726763010025024,XGBoost
2026-01-23,0,0,0.3172469735145569,XGBoost
2026-01-27,1,0,0.49432602524757385,XGBoost
2026-01-28,0,0,0.2965381443500519,XGBoost
2026-01-29,0,0,0.42681705951690674,XGBoost
2026-01-30,1,1,0.5823866724967957,XGBoost
2026-02-02,1,1,0.528063178062439,XGBoost
2026-02-03,0,0,0.41332510113716125,XGBoost
2026-02-04,0,0,0.28594574332237244,XGBoost
2026-02-05,0,0,0.22059623897075653,XGBoost
2026-02-06,0,0,0.2846938967704773,XGBoost
2026-02-09,1,0,0.19565929472446442,XGBoost
2026-02-10,0,0,0.2186000645160675,XGBoost
2026-02-11,0,0,0.25804996490478516,XGBoost
2026-02-12,0,0,0.4168497323989868,XGBoost
2026-02-13,0,0,0.4298243224620819,XGBoost
2026-02-16,0,0,0.35280731320381165,XGBoost
2026-02-17,0,0,0.4063459038734436,XGBoost
2026-02-18,0,0,0.34225717186927795,XGBoost
2026-02-19,0,0,0.3143836557865143,XGBoost
2026-02-20,0,0,0.328439861536026,XGBoost
2026-02-23,0,0,0.33650845289230347,XGBoost
2026-02-24,1,0,0.39582476019859314,XGBoost
2026-02-25,0,0,0.3138725161552429,XGBoost
2026-02-26,0,0,0.27603259682655334,XGBoost
2026-02-27,0,0,0.34458956122398376,XGBoost
2026-03-02,0,0,0.31224438548088074,XGBoost
2026-03-04,0,0,0.2943437397480011,XGBoost
2026-03-05,0,0,0.2414580136537552,XGBoost
2026-03-06,0,0,0.36002108454704285,XGBoost
2026-03-09,0,0,0.43947485089302063,XGBoost
2026-03-10,0,0,0.47572147846221924,XGBoost
2026-03-11,0,0,0.45082077383995056,XGBoost
2026-03-12,0,0,0.4344508945941925,XGBoost
2026-03-13,0,0,0.4856719672679901,XGBoost
2026-03-16,0,1,0.5379313230514526,XGBoost
2026-03-17,1,1,0.5090186595916748,XGBoost
2026-03-18,0,1,0.584764838218689,XGBoost
2026-03-19,1,0,0.46133604645729065,XGBoost
2026-03-20,0,1,0.5818150639533997,XGBoost
2026-03-23,0,1,0.5333979725837708,XGBoost
2026-03-24,0,0,0.47698113322257996,XGBoost
2026-03-25,0,0,0.49981820583343506,XGBoost
2026-03-27,0,1,0.5765019059181213,XGBoost
2026-03-30,1,1,0.5771405696868896,XGBoost
2026-04-01,1,1,0.5862001776695251,XGBoost
2026-04-02,1,1,0.5152897238731384,XGBoost
2026-04-06,1,0,0.34743958711624146,XGBoost
2026-04-07,0,0,0.3426709473133087,XGBoost
2026-04-08,1,0,0.4386681914329529,XGBoost
2026-04-09,0,0,0.4140353202819824,XGBoost
2026-04-10,0,1,0.5073766708374023,XGBoost
2026-04-13,1,0,0.3830391466617584,XGBoost
2026-04-15,0,0,0.23058047890663147,XGBoost
2026-04-16,0,0,0.2457132488489151,XGBoost
2026-04-17,0,0,0.2837539315223694,XGBoost
2026-04-20,1,0,0.2360476851463318,XGBoost
2026-04-21,0,0,0.20534001290798187,XGBoost
2026-04-22,0,0,0.4655190110206604,XGBoost
2026-04-23,0,0,0.3605879247188568,XGBoost
2026-04-24,1,0,0.4258195161819458,XGBoost
2026-04-27,0,0,0.36620914936065674,XGBoost
2026-04-28,1,0,0.3058202862739563,XGBoost
2026-04-29,0,0,0.2610820233821869,XGBoost
2026-04-30,0,0,0.2936853766441345,XGBoost
2026-05-01,0,0,0.34712228178977966,XGBoost
2026-05-05,0,0,0.35205715894699097,XGBoost
2026-05-06,0,0,0.3094898462295532,XGBoost
2026-05-07,0,0,0.3373726010322571,XGBoost
2026-05-08,0,0,0.3613065183162689,XGBoost
2026-05-11,0,0,0.28979960083961487,XGBoost
2026-05-12,0,0,0.33042261004447937,XGBoost
2026-05-13,0,0,0.40085554122924805,XGBoost
2026-05-14,0,0,0.4890267252922058,XGBoost
2026-05-15,0,0,0.38848206400871277,XGBoost
2026-05-18,1,0,0.3470552861690521,XGBoost
2026-05-19,0,0,0.32713767886161804,XGBoost
2026-05-20,0,0,0.34517616033554077,XGBoost
2026-05-21,0,0,0.2922362685203552,XGBoost
2026-05-22,0,1,0.5178808569908142,XGBoost
2026-05-25,0,1,0.5110366344451904,XGBoost
2026-05-26,0,0,0.43474632501602173,XGBoost
2026-05-27,0,0,0.4687221646308899,XGBoost
2026-05-28,0,1,0.5125650763511658,XGBoost
2026-06-01,1,1,0.5853721499443054,XGBoost
2026-06-02,0,0,0.13924500346183777,XGBoost
2026-06-03,0,0,0.34012922644615173,XGBoost
2026-06-04,0,0,0.2414070963859558,XGBoost
2026-06-05,0,0,0.23438219726085663,XGBoost
2026-06-08,0,0,0.2640153169631958,XGBoost
2026-06-09,0,0,0.21759425103664398,XGBoost
2026-06-10,0,0,0.2819208800792694,XGBoost
2026-06-11,0,0,0.31805938482284546,XGBoost
2026-06-12,0,0,0.2669817805290222,XGBoost
2026-06-15,1,0,0.26385942101478577,XGBoost
2026-06-16,0,0,0.3068152368068695,XGBoost
2026-06-17,0,0,0.24566088616847992,XGBoost
2026-06-18,0,0,0.34134355187416077,XGBoost
2026-06-19,0,0,0.3973255157470703,XGBoost
2026-06-22,0,0,0.28303274512290955,XGBoost
2026-06-23,1,0,0.3472996652126312,XGBoost
2026-06-24,0,0,0.29629501700401306,XGBoost
2026-06-25,0,0,0.26819565892219543,XGBoost
2026-06-26,0,0,0.304680734872818,XGBoost
2026-06-30,0,0,0.35025888681411743,XGBoost
2026-07-01,1,1,0.5153177380561829,XGBoost
2026-07-02,1,0,0.328973650932312,XGBoost
2026-07-03,0,0,0.31974712014198303,XGBoost
2026-07-06,1,0,0.2833920419216156,XGBoost
2026-07-07,0,0,0.4225989282131195,XGBoost
2026-07-08,0,0,0.2841278910636902,XGBoost
2026-07-09,0,0,0.2920784652233124,XGBoost
2026-07-10,1,0,0.33752208948135376,XGBoost
2026-07-13,0,0,0.22401492297649384,XGBoost
2026-07-14,0,0,0.19893789291381836,XGBoost
2026-07-15,0,0,0.28615283966064453,XGBoost
2026-07-16,1,0,0.3133797347545624,XGBoost
2026-07-17,0,0,0.1602531522512436,XGBoost
2026-07-20,0,0,0.1266452819108963,XGBoost
2026-07-21,0,0,0.1611751914024353,XGBoost
2026-07-22,1,0,0.13470682501792908,XGBoost
2026-07-23,0,0,0.18400880694389343,XGBoost
2026-07-24,1,0,0.14441028237342834,XGBoost
2026-07-27,1,0,0.14843420684337616,XGBoost
2026-07-28,1,0,0.08726933598518372,XGBoost
2026-07-29,0,0,0.1826731264591217,XGBoost
2026-07-30,0,0,0.16415463387966156,XGBoost
2026-07-31,1,0,0.12959584593772888,XGBoost
2026-08-03,0,0,0.122749462723732,XGBoost
2026-08-04,0,0,0.22850020229816437,XGBoost
2026-08-05,0,0,0.24018703401088715,XGBoost
2026-08-06,1,0,0.27145564556121826,XGBoost
2026-08-07,0,0,0.18217051029205322,XGBoost
