Date,Actual,Probability_Up,Prediction,Window
2022-04-19,0,0.6045511,1,1
2022-04-20,0,0.54006803,1,1
2022-04-21,0,0.29893544,0,1
2022-04-22,0,0.26305473,0,1
2022-04-25,0,0.494207,0,1
2022-04-26,0,0.49556693,0,1
2022-04-27,0,0.5218785,1,1
2022-04-28,0,0.3842992,0,1
2022-04-29,0,0.553729,1,1
2022-05-02,0,0.6173329,1,1
2022-05-04,0,0.6878466,1,1
2022-05-05,0,0.65465474,1,1
2022-05-06,0,0.75256425,1,1
2022-05-09,0,0.75356615,1,1
2022-05-10,0,0.7737626,1,1
2022-05-11,0,0.77439505,1,1
2022-05-12,0,0.77367,1,1
2022-05-13,0,0.72835606,1,1
2022-05-16,0,0.7680124,1,1
2022-05-17,0,0.7564028,1,1
2022-05-18,0,0.75604606,1,1
2022-05-19,1,0.6024406,1,1
2022-05-20,1,0.5150539,1,1
2022-05-23,1,0.5138721,1,1
2022-05-24,1,0.5646274,1,1
2022-05-25,1,0.54406506,1,1
2022-05-26,1,0.6283858,1,1
2022-05-27,1,0.5393551,1,1
2022-05-30,0,0.5988423,1,1
2022-05-31,0,0.5879988,1,1
2022-06-01,0,0.5806,1,1
2022-06-02,0,0.652892,1,1
2022-06-03,0,0.50583255,1,1
2022-06-06,0,0.75723785,1,1
2022-06-07,0,0.86267936,1,1
2022-06-08,0,0.75826395,1,1
2022-06-09,0,0.7359566,1,1
2022-06-10,0,0.78977203,1,1
2022-06-13,1,0.8697338,1,1
2022-06-14,1,0.8373143,1,1
2022-06-15,1,0.79096746,1,1
2022-06-16,1,0.81483656,1,1
2022-06-17,1,0.7576909,1,1
2022-06-20,1,0.6932571,1,1
2022-06-21,0,0.78010267,1,1
2022-06-22,1,0.7289993,1,1
2022-06-23,0,0.6453756,1,1
2022-06-24,0,0.6163022,1,1
2022-06-27,0,0.5123841,1,1
2022-06-28,0,0.6454813,1,1
2022-06-29,0,0.6932465,1,1
2022-06-30,0,0.7449356,1,1
2022-07-01,0,0.6293024,1,1
2022-07-04,0,0.8340547,1,1
2022-07-05,0,0.85214114,1,1
2022-07-06,0,0.8053511,1,1
2022-07-07,0,0.6836082,1,1
2022-07-08,0,0.8286655,1,1
2022-07-11,1,0.8500543,1,1
2022-07-12,1,0.78618264,1,1
2022-07-13,1,0.84005743,1,1
2022-07-14,1,0.81178975,1,1
2022-07-15,1,0.8218682,1,1
2022-07-18,1,0.87129694,1,1
2022-07-19,1,0.7881064,1,1
2022-07-20,1,0.81155,1,1
2022-07-21,1,0.5001628,1,1
2022-07-22,1,0.63035196,1,1
2022-07-25,1,0.83714783,1,1
2022-07-26,1,0.9033131,1,1
2022-07-27,1,0.6937358,1,1
2022-07-28,1,0.5894283,1,1
2022-07-29,1,0.45054716,0,1
2022-08-01,1,0.5420016,1,1
2022-08-02,1,0.37651438,0,1
2022-08-03,1,0.44625384,0,1
2022-08-04,0,0.36744308,0,1
2022-08-05,0,0.30200353,0,1
2022-08-08,0,0.39636233,0,1
2022-08-10,0,0.54698074,1,1
2022-08-11,0,0.32335857,0,1
2022-08-12,0,0.3718395,0,1
2022-08-16,0,0.3421665,0,1
2022-08-17,0,0.4236063,0,1
2022-08-18,0,0.45284873,0,1
2022-08-19,0,0.47963005,0,1
2022-08-22,0,0.4782683,0,1
2022-08-23,0,0.3572291,0,1
2022-08-24,0,0.3710825,0,1
2022-08-25,0,0.39533764,0,1
2022-08-26,0,0.41891643,0,1
2022-08-29,1,0.6426451,1,1
2022-08-30,0,0.5749315,1,1
2022-09-01,0,0.62674487,1,1
2022-09-02,0,0.61501575,1,1
2022-09-05,0,0.63363093,1,1
2022-09-06,0,0.6913003,1,1
2022-09-07,0,0.69146425,1,1
2022-09-08,0,0.67653686,1,1
2022-09-09,0,0.5191986,1,1
2022-09-12,0,0.08974489,0,2
2022-09-13,0,0.15243326,0,2
2022-09-14,0,0.49039438,0,2
2022-09-15,0,0.44573614,0,2
2022-09-16,0,0.52924085,1,2
2022-09-19,0,0.5389104,1,2
2022-09-20,1,0.5698805,1,2
2022-09-21,1,0.76196575,1,2
2022-09-22,1,0.748851,1,2
2022-09-23,1,0.8340282,1,2
2022-09-26,1,0.76613057,1,2
2022-09-27,1,0.7181597,1,2
2022-09-28,1,0.69286865,1,2
2022-09-29,1,0.73939526,1,2
2022-09-30,1,0.7355412,1,2
2022-10-03,1,0.8368926,1,2
2022-10-04,0,0.72539,1,2
2022-10-06,1,0.70808977,1,2
2022-10-07,1,0.7872064,1,2
2022-10-10,1,0.7526643,1,2
2022-10-11,1,0.872326,1,2
2022-10-12,1,0.83413774,1,2
2022-10-13,1,0.7350383,1,2
2022-10-14,1,0.73522156,1,2
2022-10-17,1,0.64907414,1,2
2022-10-18,1,0.58375216,1,2
2022-10-19,1,0.64675677,1,2
2022-10-20,1,0.42425898,0,2
2022-10-21,1,0.6498037,1,2
2022-10-24,1,0.4556816,0,2
2022-10-25,1,0.55503905,1,2
2022-10-27,1,0.6062731,1,2
2022-10-28,1,0.60221666,1,2
2022-10-31,1,0.5151756,1,2
2022-11-01,1,0.46759856,0,2
2022-11-02,1,0.34281316,0,2
2022-11-03,1,0.32864004,0,2
2022-11-04,1,0.29195374,0,2
2022-11-07,1,0.21712323,0,2
2022-11-09,1,0.25605303,0,2
2022-11-10,1,0.2740529,0,2
2022-11-11,1,0.114847936,0,2
2022-11-14,1,0.08740179,0,2
2022-11-15,1,0.09266328,0,2
2022-11-16,1,0.131631,0,2
2022-11-17,1,0.1250344,0,2
2022-11-18,1,0.13898838,0,2
2022-11-21,1,0.12377702,0,2
2022-11-22,1,0.121366724,0,2
2022-11-23,1,0.10253324,0,2
2022-11-24,0,0.14550877,0,2
2022-11-25,0,0.15623519,0,2
2022-11-28,0,0.27075306,0,2
2022-11-29,0,0.2537342,0,2
2022-11-30,0,0.28246614,0,2
2022-12-01,0,0.29022962,0,2
2022-12-02,0,0.23508823,0,2
2022-12-05,0,0.19978291,0,2
2022-12-06,0,0.18448474,0,2
2022-12-07,0,0.2649129,0,2
2022-12-08,0,0.2646777,0,2
2022-12-09,0,0.17756318,0,2
2022-12-12,0,0.16557315,0,2
2022-12-13,0,0.14392607,0,2
2022-12-14,0,0.14902166,0,2
2022-12-15,0,0.1379837,0,2
2022-12-16,0,0.18298502,0,2
2022-12-19,1,0.36078885,0,2
2022-12-20,1,0.22271565,0,2
2022-12-21,1,0.30963522,0,2
2022-12-22,1,0.32924566,0,2
2022-12-23,0,0.37998778,0,2
2022-12-26,1,0.35075048,0,2
2022-12-27,0,0.4217736,0,2
2022-12-28,1,0.4279688,0,2
2022-12-29,1,0.5024082,1,2
2022-12-30,1,0.4903498,0,2
2023-01-02,1,0.4677605,0,2
2023-01-03,1,0.5352116,1,2
2023-01-04,1,0.5816072,1,2
2023-01-05,1,0.5885046,1,2
2023-01-06,1,0.59902394,1,2
2023-01-09,1,0.5816545,1,2
2023-01-10,1,0.56775284,1,2
2023-01-11,1,0.46322677,0,2
2023-01-12,1,0.45038018,0,2
2023-01-13,1,0.32352963,0,2
2023-01-16,0,0.45041248,0,2
2023-01-17,0,0.37202522,0,2
2023-01-18,1,0.38694385,0,2
2023-01-19,1,0.3404215,0,2
2023-01-20,1,0.5090274,1,2
2023-01-23,1,0.31733933,0,2
2023-01-24,1,0.23503044,0,2
2023-01-25,1,0.2923843,0,2
2023-01-27,1,0.3658142,0,2
2023-01-30,1,0.33484763,0,2
2023-01-31,1,0.5264411,1,2
2023-02-01,1,0.4776498,0,2
2023-02-02,1,0.250336,0,2
2023-02-03,0,0.3620286,0,3
2023-02-06,0,0.29586112,0,3
2023-02-07,0,0.31586137,0,3
2023-02-08,0,0.2307234,0,3
2023-02-09,0,0.22404613,0,3
2023-02-10,0,0.22013655,0,3
2023-02-13,0,0.16031504,0,3
2023-02-14,0,0.22529481,0,3
2023-02-15,0,0.2581872,0,3
2023-02-16,0,0.21993132,0,3
2023-02-17,0,0.2125754,0,3
2023-02-20,0,0.1652124,0,3
2023-02-21,0,0.13092472,0,3
2023-02-22,0,0.22152692,0,3
2023-02-23,0,0.18328573,0,3
2023-02-24,0,0.22429611,0,3
2023-02-27,0,0.31329203,0,3
2023-02-28,0,0.43917704,0,3
2023-03-01,0,0.41159979,0,3
2023-03-02,0,0.47474062,0,3
2023-03-03,0,0.37762165,0,3
2023-03-06,0,0.4006208,0,3
2023-03-08,0,0.41772655,0,3
2023-03-09,0,0.46334636,0,3
2023-03-10,0,0.583468,1,3
2023-03-13,0,0.55421054,1,3
2023-03-14,0,0.5337693,1,3
2023-03-15,0,0.51308125,1,3
2023-03-16,0,0.5791386,1,3
2023-03-17,0,0.60419357,1,3
2023-03-20,1,0.6030888,1,3
2023-03-21,1,0.82079995,1,3
2023-03-22,1,0.6077967,1,3
2023-03-23,1,0.66011345,1,3
2023-03-24,1,0.7716821,1,3
2023-03-27,1,0.6931357,1,3
2023-03-28,0,0.8007444,1,3
2023-03-29,0,0.72938365,1,3
2023-03-31,0,0.71187663,1,3
2023-04-03,0,0.7507701,1,3
2023-04-05,0,0.6771644,1,3
2023-04-06,0,0.77122015,1,3
2023-04-10,0,0.4249198,0,3
2023-04-11,0,0.5195569,1,3
2023-04-12,0,0.51483804,1,3
2023-04-13,0,0.6374161,1,3
2023-04-17,1,0.58716255,1,3
2023-04-18,1,0.58177626,1,3
2023-04-19,1,0.8367117,1,3
2023-04-20,1,0.79475117,1,3
2023-04-21,1,0.6884405,1,3
2023-04-24,1,0.67872924,1,3
2023-04-25,1,0.6718825,1,3
2023-04-26,1,0.6570642,1,3
2023-04-27,1,0.6438905,1,3
2023-04-28,1,0.6479266,1,3
2023-05-02,1,0.6110526,1,3
2023-05-03,0,0.7125623,1,3
2023-05-04,0,0.67014694,1,3
2023-05-05,0,0.6960896,1,3
2023-05-08,1,0.7040727,1,3
2023-05-09,0,0.69030684,1,3
2023-05-10,0,0.70328265,1,3
2023-05-11,0,0.69102085,1,3
2023-05-12,1,0.73722345,1,3
2023-05-15,1,0.824119,1,3
2023-05-16,1,0.79718006,1,3
2023-05-17,1,0.8193382,1,3
2023-05-18,1,0.80098975,1,3
2023-05-19,1,0.8160134,1,3
2023-05-22,0,0.80768996,1,3
2023-05-23,0,0.77626634,1,3
2023-05-24,0,0.7638618,1,3
2023-05-25,0,0.7931505,1,3
2023-05-26,0,0.5875673,1,3
2023-05-29,0,0.63098156,1,3
2023-05-30,0,0.61253446,1,3
2023-05-31,0,0.56936926,1,3
2023-06-01,0,0.46519932,0,3
2023-06-02,0,0.5617281,1,3
2023-06-05,0,0.5754598,1,3
2023-06-06,0,0.612787,1,3
2023-06-07,0,0.53327316,1,3
2023-06-08,0,0.59686327,1,3
2023-06-09,0,0.57693315,1,3
2023-06-12,0,0.586451,1,3
2023-06-13,0,0.60739523,1,3
2023-06-14,0,0.6386225,1,3
2023-06-15,1,0.5662717,1,3
2023-06-16,1,0.5882825,1,3
2023-06-19,1,0.6104042,1,3
2023-06-20,1,0.6776809,1,3
2023-06-21,1,0.621535,1,3
2023-06-22,1,0.6245587,1,3
2023-06-23,1,0.7362827,1,3
2023-06-26,1,0.7354671,1,3
2023-06-27,1,0.68254536,1,3
2023-06-28,1,0.713696,1,3
2023-06-30,1,0.82382435,1,3
2023-07-03,1,0.8176357,1,3
2023-07-04,1,0.78876877,1,4
2023-07-05,1,0.7680955,1,4
2023-07-06,1,0.6964484,1,4
2023-07-07,1,0.75023675,1,4
2023-07-10,1,0.7821997,1,4
2023-07-11,1,0.8073176,1,4
2023-07-12,1,0.81207585,1,4
2023-07-13,1,0.7722382,1,4
2023-07-14,0,0.64313745,1,4
2023-07-17,0,0.6468251,1,4
2023-07-18,0,0.63691545,1,4
2023-07-19,0,0.6612301,1,4
2023-07-20,0,0.62327296,1,4
2023-07-21,1,0.6731357,1,4
2023-07-24,1,0.6452054,1,4
2023-07-25,1,0.6591185,1,4
2023-07-26,1,0.6330574,1,4
2023-07-27,1,0.6482897,1,4
2023-07-28,1,0.67104864,1,4
2023-07-31,0,0.62506837,1,4
2023-08-01,0,0.61076194,1,4
2023-08-02,0,0.6197077,1,4
2023-08-03,0,0.6106262,1,4
2023-08-04,0,0.5926439,1,4
2023-08-07,0,0.5981684,1,4
2023-08-08,0,0.5880925,1,4
2023-08-09,0,0.5840003,1,4
2023-08-10,0,0.57756364,1,4
2023-08-11,0,0.4416448,0,4
2023-08-14,0,0.53225785,1,4
2023-08-16,0,0.552747,1,4
2023-08-17,0,0.55453503,1,4
2023-08-18,0,0.563175,1,4
2023-08-21,0,0.59083176,1,4
2023-08-22,1,0.597248,1,4
2023-08-23,0,0.6465151,1,4
2023-08-24,1,0.6742742,1,4
2023-08-25,1,0.5712565,1,4
2023-08-28,1,0.5617635,1,4
2023-08-29,1,0.60592794,1,4
2023-08-30,1,0.58203816,1,4
2023-08-31,1,0.5869751,1,4
2023-09-01,1,0.63238794,1,4
2023-09-04,1,0.65741044,1,4
2023-09-05,1,0.685495,1,4
2023-09-06,1,0.69481117,1,4
2023-09-07,1,0.704469,1,4
2023-09-08,1,0.7261278,1,4
2023-09-11,1,0.6991752,1,4
2023-09-12,0,0.5789186,1,4
2023-09-13,0,0.5818014,1,4
2023-09-14,0,0.5436443,1,4
2023-09-15,0,0.5891542,1,4
2023-09-18,0,0.5453596,1,4
2023-09-20,0,0.564002,1,4
2023-09-21,1,0.57221395,1,4
2023-09-22,0,0.62172985,1,4
2023-09-25,1,0.5975262,1,4
2023-09-26,0,0.5894819,1,4
2023-09-27,0,0.62221605,1,4
2023-09-28,0,0.60135996,1,4
2023-09-29,0,0.56855184,1,4
2023-10-03,0,0.5145999,1,4
2023-10-04,0,0.4909613,0,4
2023-10-05,0,0.5267061,1,4
2023-10-06,0,0.56079763,1,4
2023-10-09,0,0.49819243,0,4
2023-10-10,0,0.5438675,1,4
2023-10-11,0,0.12710634,0,4
2023-10-12,0,0.1000095,0,4
2023-10-13,0,0.11821308,0,4
2023-10-16,0,0.112177685,0,4
2023-10-17,0,0.09879209,0,4
2023-10-18,0,0.2288202,0,4
2023-10-19,0,0.25707608,0,4
2023-10-20,0,0.27582863,0,4
2023-10-23,0,0.25458616,0,4
2023-10-25,0,0.25644478,0,4
2023-10-26,0,0.34561095,0,4
2023-10-27,0,0.3917951,0,4
2023-10-30,0,0.39731517,0,4
2023-10-31,1,0.40565437,0,4
2023-11-01,1,0.41274273,0,4
2023-11-02,1,0.35218558,0,4
2023-11-03,1,0.3604447,0,4
2023-11-06,1,0.33768275,0,4
2023-11-07,1,0.34183347,0,4
2023-11-08,1,0.31653214,0,4
2023-11-09,1,0.354697,0,4
2023-11-10,1,0.42478886,0,4
2023-11-13,1,0.43855065,0,4
2023-11-15,1,0.430623,0,4
2023-11-16,0,0.5226838,1,4
2023-11-17,0,0.5264275,1,4
2023-11-20,0,0.4427657,0,4
2023-11-21,1,0.48533288,0,4
2023-11-22,1,0.64615196,1,4
2023-11-23,1,0.6624799,1,4
2023-11-24,1,0.6307827,1,4
2023-11-28,1,0.6758968,1,4
2023-11-29,1,0.7743385,1,5
2023-11-30,1,0.8426899,1,5
2023-12-01,1,0.84479946,1,5
2023-12-04,1,0.8551747,1,5
2023-12-05,1,0.83750236,1,5
2023-12-06,1,0.69394994,1,5
2023-12-07,1,0.66403466,1,5
2023-12-08,1,0.6314734,1,5
2023-12-11,1,0.56756574,1,5
2023-12-12,1,0.25884962,0,5
2023-12-13,1,0.23738717,0,5
2023-12-14,1,0.18482815,0,5
2023-12-15,0,0.124546275,0,5
2023-12-18,0,0.13828093,0,5
2023-12-19,0,0.20733504,0,5
2023-12-20,0,0.25857544,0,5
2023-12-21,0,0.24046715,0,5
2023-12-22,0,0.28307834,0,5
2023-12-26,0,0.24268273,0,5
2023-12-27,0,0.24550496,0,5
2023-12-28,0,0.2653431,0,5
2023-12-29,1,0.2581259,0,5
2024-01-01,1,0.24885109,0,5
2024-01-02,1,0.2511963,0,5
2024-01-03,1,0.19924723,0,5
2024-01-04,1,0.2177481,0,5
2024-01-05,1,0.21907647,0,5
2024-01-08,1,0.22137657,0,5
2024-01-09,1,0.22917593,0,5
2024-01-10,1,0.19227272,0,5
2024-01-11,1,0.18261813,0,5
2024-01-12,0,0.16942617,0,5
2024-01-15,0,0.11788369,0,5
2024-01-16,0,0.19568728,0,5
2024-01-17,1,0.18862812,0,5
2024-01-18,1,0.15436079,0,5
2024-01-19,1,0.19183435,0,5
2024-01-23,1,0.12270838,0,5
2024-01-24,1,0.16097644,0,5
2024-01-25,1,0.1616868,0,5
2024-01-29,1,0.17422071,0,5
2024-01-30,1,0.13146187,0,5
2024-01-31,1,0.15006185,0,5
2024-02-01,1,0.12713762,0,5
2024-02-02,1,0.12491871,0,5
2024-02-05,1,0.16163738,0,5
2024-02-06,0,0.20899704,0,5
2024-02-07,0,0.3004264,0,5
2024-02-08,0,0.3972846,0,5
2024-02-09,0,0.40233797,0,5
2024-02-12,0,0.4002114,0,5
2024-02-13,0,0.20915242,0,5
2024-02-14,0,0.18756282,0,5
2024-02-15,0,0.27466336,0,5
2024-02-16,0,0.25910714,0,5
2024-02-19,0,0.25649816,0,5
2024-02-20,0,0.19136669,0,5
2024-02-21,1,0.15138027,0,5
2024-02-22,0,0.22456722,0,5
2024-02-23,1,0.19357692,0,5
2024-02-26,1,0.14246501,0,5
2024-02-27,1,0.2756098,0,5
2024-02-28,1,0.2550528,0,5
2024-02-29,1,0.27107278,0,5
2024-03-01,1,0.21552,0,5
2024-03-04,0,0.20411128,0,5
2024-03-05,0,0.14393686,0,5
2024-03-06,0,0.17428473,0,5
2024-03-07,0,0.21589273,0,5
2024-03-11,0,0.18793482,0,5
2024-03-12,0,0.21866478,0,5
2024-03-13,0,0.20794104,0,5
2024-03-14,0,0.21082659,0,5
2024-03-15,0,0.110117145,0,5
2024-03-18,0,0.09545232,0,5
2024-03-19,0,0.15056412,0,5
2024-03-20,0,0.09442835,0,5
2024-03-21,0,0.14312878,0,5
2024-03-22,0,0.17760915,0,5
2024-03-26,1,0.21726555,0,5
2024-03-27,1,0.23773341,0,5
2024-03-28,1,0.26850793,0,5
2024-04-01,0,0.24199714,0,5
2024-04-02,0,0.27048776,0,5
2024-04-03,0,0.19461639,0,5
2024-04-04,0,0.16160844,0,5
2024-04-05,0,0.27826437,0,5
2024-04-08,0,0.33496845,0,5
2024-04-09,0,0.3642163,0,5
2024-04-10,0,0.24694633,0,5
2024-04-12,0,0.24889323,0,5
2024-04-15,0,0.20646527,0,5
2024-04-16,0,0.2646715,0,5
2024-04-18,0,0.20834918,0,5
2024-04-19,1,0.2950241,0,5
2024-04-22,1,0.30839783,0,5
2024-04-23,1,0.3197716,0,5
2024-04-24,1,0.38503206,0,5
2024-04-25,1,0.2964807,0,5
2024-04-26,1,0.34892553,0,5
2024-04-29,0,0.627246,1,6
2024-04-30,1,0.64584947,1,6
2024-05-02,0,0.45161578,0,6
2024-05-03,0,0.6007297,1,6
2024-05-06,0,0.22329257,0,6
2024-05-07,0,0.13286196,0,6
2024-05-08,0,0.122151636,0,6
2024-05-09,0,0.12072838,0,6
2024-05-10,0,0.14112131,0,6
2024-05-13,0,0.118976966,0,6
2024-05-14,0,0.1561476,0,6
2024-05-15,0,0.15154319,0,6
2024-05-16,0,0.19098155,0,6
2024-05-17,0,0.25376123,0,6
2024-05-21,0,0.3556152,0,6
2024-05-22,0,0.3448218,0,6
2024-05-23,0,0.25478733,0,6
2024-05-24,1,0.33605233,0,6
2024-05-27,0,0.28621343,0,6
2024-05-28,0,0.42739934,0,6
2024-05-29,0,0.31031692,0,6
2024-05-30,1,0.30664214,0,6
2024-05-31,1,0.55936843,1,6
2024-06-03,1,0.47442916,0,6
2024-06-04,1,0.10394277,0,6
2024-06-05,1,0.09141792,0,6
2024-06-06,0,0.06548212,0,6
2024-06-07,0,0.04122317,0,6
2024-06-10,0,0.11804197,0,6
2024-06-11,0,0.11855013,0,6
2024-06-12,1,0.14356756,0,6
2024-06-13,0,0.08004804,0,6
2024-06-14,1,0.10156264,0,6
2024-06-18,1,0.1397785,0,6
2024-06-19,1,0.13247475,0,6
2024-06-20,1,0.36243317,0,6
2024-06-21,1,0.39232782,0,6
2024-06-24,1,0.452504,0,6
2024-06-25,1,0.34228268,0,6
2024-06-26,1,0.2599777,0,6
2024-06-27,0,0.15328892,0,6
2024-06-28,1,0.1780546,0,6
2024-07-01,1,0.1573919,0,6
2024-07-02,1,0.08174491,0,6
2024-07-03,1,0.09986447,0,6
2024-07-04,1,0.10904521,0,6
2024-07-05,1,0.07687667,0,6
2024-07-08,1,0.08068576,0,6
2024-07-09,1,0.076676734,0,6
2024-07-10,1,0.07097744,0,6
2024-07-11,1,0.09518572,0,6
2024-07-12,1,0.11445809,0,6
2024-07-15,1,0.17701536,0,6
2024-07-16,1,0.18641156,0,6
2024-07-18,1,0.07583276,0,6
2024-07-19,0,0.11902153,0,6
2024-07-22,0,0.13211861,0,6
2024-07-23,0,0.1292482,0,6
2024-07-24,0,0.12646447,0,6
2024-07-25,0,0.096386924,0,6
2024-07-26,0,0.12284966,0,6
2024-07-29,0,0.19180492,0,6
2024-07-30,0,0.170578,0,6
2024-07-31,0,0.17716926,0,6
2024-08-01,0,0.23497196,0,6
2024-08-02,1,0.29588255,0,6
2024-08-05,1,0.3651581,0,6
2024-08-06,1,0.3477074,0,6
2024-08-07,1,0.33752638,0,6
2024-08-08,1,0.37047365,0,6
2024-08-09,1,0.4042995,0,6
2024-08-12,1,0.29561087,0,6
2024-08-13,1,0.31379962,0,6
2024-08-14,1,0.21135008,0,6
2024-08-16,1,0.11816118,0,6
2024-08-19,0,0.12132353,0,6
2024-08-20,0,0.08237888,0,6
2024-08-21,0,0.13793999,0,6
2024-08-22,0,0.22227988,0,6
2024-08-23,0,0.19870098,0,6
2024-08-26,0,0.15882596,0,6
2024-08-27,0,0.15732864,0,6
2024-08-28,0,0.19972828,0,6
2024-08-29,0,0.19165987,0,6
2024-08-30,0,0.26611897,0,6
2024-09-02,0,0.31990036,0,6
2024-09-03,0,0.38404205,0,6
2024-09-04,0,0.37390846,0,6
2024-09-05,0,0.35430467,0,6
2024-09-06,0,0.33567828,0,6
2024-09-09,0,0.3424673,0,6
2024-09-10,0,0.3699005,0,6
2024-09-11,0,0.34368697,0,6
2024-09-12,0,0.35348257,0,6
2024-09-13,0,0.4285594,0,6
2024-09-16,0,0.3362206,0,6
2024-09-17,0,0.34687468,0,6
2024-09-18,0,0.24705653,0,6
2024-09-19,0,0.25931892,0,6
2024-09-20,0,0.24284159,0,6
2024-09-23,0,0.38483477,0,7
2024-09-24,0,0.42460075,0,7
2024-09-25,0,0.47125456,0,7
2024-09-26,0,0.6448586,1,7
2024-09-27,0,0.61784685,1,7
2024-09-30,0,0.6694464,1,7
2024-10-01,0,0.6539688,1,7
2024-10-03,0,0.72375864,1,7
2024-10-04,0,0.6457591,1,7
2024-10-07,0,0.6281698,1,7
2024-10-08,0,0.6341008,1,7
2024-10-09,0,0.21090706,0,7
2024-10-10,0,0.2488612,0,7
2024-10-11,0,0.39188087,0,7
2024-10-14,0,0.4226657,0,7
2024-10-15,0,0.4326594,0,7
2024-10-16,0,0.43157172,0,7
2024-10-17,0,0.50139815,1,7
2024-10-18,0,0.52881235,1,7
2024-10-21,0,0.4394404,0,7
2024-10-22,0,0.5719908,1,7
2024-10-23,1,0.36634028,0,7
2024-10-24,1,0.5001623,1,7
2024-10-25,1,0.48543262,0,7
2024-10-28,1,0.28213757,0,7
2024-10-29,1,0.35305065,0,7
2024-10-30,1,0.35110253,0,7
2024-10-31,1,0.75489384,1,7
2024-11-01,0,0.7125732,1,7
2024-11-04,1,0.7264645,1,7
2024-11-05,1,0.61894196,1,7
2024-11-06,1,0.49832004,0,7
2024-11-07,1,0.4040806,0,7
2024-11-08,1,0.48002073,0,7
2024-11-11,1,0.36342368,0,7
2024-11-12,1,0.407871,0,7
2024-11-13,1,0.5614448,1,7
2024-11-14,1,0.4888752,0,7
2024-11-18,1,0.47672117,0,7
2024-11-19,1,0.38419208,0,7
2024-11-21,1,0.39049715,0,7
2024-11-22,1,0.38926473,0,7
2024-11-25,1,0.21735941,0,7
2024-11-26,1,0.13254797,0,7
2024-11-27,1,0.18662691,0,7
2024-11-28,1,0.31524405,0,7
2024-11-29,1,0.29797938,0,7
2024-12-02,1,0.373411,0,7
2024-12-03,0,0.33033893,0,7
2024-12-04,0,0.36047396,0,7
2024-12-05,0,0.14015074,0,7
2024-12-06,0,0.17636548,0,7
2024-12-09,0,0.100599416,0,7
2024-12-10,0,0.1165962,0,7
2024-12-11,0,0.1286367,0,7
2024-12-12,0,0.10221906,0,7
2024-12-13,0,0.14899632,0,7
2024-12-16,0,0.2012579,0,7
2024-12-17,0,0.26772326,0,7
2024-12-18,0,0.23399243,0,7
2024-12-19,0,0.4360833,0,7
2024-12-20,0,0.3590733,0,7
2024-12-23,0,0.31278533,0,7
2024-12-24,0,0.28140062,0,7
2024-12-26,0,0.2818683,0,7
2024-12-27,1,0.39592272,0,7
2024-12-30,1,0.44888997,0,7
2024-12-31,1,0.42526817,0,7
2025-01-01,1,0.33362052,0,7
2025-01-02,0,0.24878597,0,7
2025-01-03,0,0.3585081,0,7
2025-01-06,0,0.42336643,0,7
2025-01-07,0,0.6021355,1,7
2025-01-08,1,0.50502235,1,7
2025-01-09,1,0.6217137,1,7
2025-01-10,0,0.26885158,0,7
2025-01-13,0,0.26892376,0,7
2025-01-14,0,0.3682492,0,7
2025-01-15,0,0.325281,0,7
2025-01-16,0,0.5326908,1,7
2025-01-17,0,0.57957834,1,7
2025-01-20,0,0.56314206,1,7
2025-01-21,0,0.57771915,1,7
2025-01-22,0,0.54837364,1,7
2025-01-23,0,0.5525064,1,7
2025-01-24,0,0.619943,1,7
2025-01-27,0,0.5509003,1,7
2025-01-28,0,0.5716058,1,7
2025-01-29,0,0.68959576,1,7
2025-01-30,0,0.6627174,1,7
2025-01-31,0,0.6375524,1,7
2025-02-01,0,0.6470344,1,7
2025-02-03,0,0.65110475,1,7
2025-02-04,0,0.6122193,1,7
2025-02-05,0,0.59577435,1,7
2025-02-06,0,0.5531373,1,7
2025-02-07,0,0.58335793,1,7
2025-02-10,0,0.61947596,1,7
2025-02-11,0,0.7023074,1,7
2025-02-12,0,0.705776,1,7
2025-02-13,0,0.8290706,1,8
2025-02-14,0,0.69069237,1,8
2025-02-17,0,0.8184566,1,8
2025-02-18,0,0.8771797,1,8
2025-02-19,0,0.884395,1,8
2025-02-20,0,0.89377403,1,8
2025-02-21,0,0.8910336,1,8
2025-02-24,0,0.85693616,1,8
2025-02-25,0,0.88114214,1,8
2025-02-27,0,0.8788434,1,8
2025-02-28,0,0.8924031,1,8
2025-03-03,0,0.88832295,1,8
2025-03-04,0,0.8729362,1,8
2025-03-05,0,0.78754044,1,8
2025-03-06,0,0.7780188,1,8
2025-03-07,1,0.74186087,1,8
2025-03-10,1,0.77091545,1,8
2025-03-11,1,0.83457357,1,8
2025-03-12,1,0.86927974,1,8
2025-03-13,1,0.8550965,1,8
2025-03-17,1,0.81492454,1,8
2025-03-18,0,0.8260767,1,8
2025-03-20,0,0.7649645,1,8
2025-03-21,0,0.7538785,1,8
2025-03-24,0,0.78129965,1,8
2025-03-25,0,0.8450339,1,8
2025-03-26,0,0.890474,1,8
2025-03-27,0,0.9048331,1,8
2025-03-28,0,0.9196445,1,8
2025-04-01,0,0.92800546,1,8
2025-04-02,0,0.9318746,1,8
2025-04-03,0,0.9357862,1,8
2025-04-04,1,0.94110596,1,8
2025-04-07,1,0.94835484,1,8
2025-04-08,1,0.95023984,1,8
2025-04-09,1,0.93583554,1,8
2025-04-11,1,0.92820746,1,8
2025-04-15,1,0.92533463,1,8
2025-04-16,1,0.8715066,1,8
2025-04-17,1,0.77075505,1,8
2025-04-21,1,0.7277887,1,8
2025-04-22,1,0.83830744,1,8
2025-04-23,1,0.46069887,0,8
2025-04-24,1,0.59751374,1,8
2025-04-25,1,0.57948494,1,8
2025-04-28,1,0.7340247,1,8
2025-04-29,1,0.65338534,1,8
2025-04-30,1,0.7173721,1,8
2025-05-02,1,0.73025584,1,8
2025-05-05,1,0.5482894,1,8
2025-05-06,1,0.53726536,1,8
2025-05-07,1,0.6885705,1,8
2025-05-08,0,0.70789856,1,8
2025-05-09,1,0.6915327,1,8
2025-05-12,0,0.63355345,1,8
2025-05-13,0,0.70686334,1,8
2025-05-14,0,0.674998,1,8
2025-05-15,0,0.81852925,1,8
2025-05-16,0,0.80062115,1,8
2025-05-19,0,0.8581314,1,8
2025-05-20,0,0.8385779,1,8
2025-05-21,0,0.84213847,1,8
2025-05-22,0,0.8041268,1,8
2025-05-23,0,0.73911,1,8
2025-05-26,0,0.7628722,1,8
2025-05-27,0,0.77866256,1,8
2025-05-28,0,0.7480636,1,8
2025-05-29,0,0.80038315,1,8
2025-05-30,0,0.7751151,1,8
2025-06-02,1,0.74731106,1,8
2025-06-03,1,0.75867444,1,8
2025-06-04,1,0.7773876,1,8
2025-06-05,1,0.7800097,1,8
2025-06-06,1,0.7891392,1,8
2025-06-09,0,0.7884786,1,8
2025-06-10,0,0.80836505,1,8
2025-06-11,0,0.74937785,1,8
2025-06-12,0,0.7998948,1,8
2025-06-13,0,0.7658646,1,8
2025-06-16,0,0.77369636,1,8
2025-06-17,0,0.75419015,1,8
2025-06-18,0,0.7697708,1,8
2025-06-19,0,0.7881588,1,8
2025-06-20,0,0.7981898,1,8
2025-06-23,0,0.80186445,1,8
2025-06-24,0,0.8089976,1,8
2025-06-25,0,0.78105646,1,8
2025-06-26,0,0.7741,1,8
2025-06-27,0,0.76687,1,8
2025-06-30,0,0.7845026,1,8
2025-07-01,0,0.796199,1,8
2025-07-02,0,0.7864692,1,8
2025-07-03,0,0.7773679,1,8
2025-07-04,0,0.8012702,1,8
2025-07-07,0,0.76199585,1,8
2025-07-08,0,0.8123816,1,8
2025-07-09,0,0.796188,1,8
2025-07-10,0,0.83451647,1,8
2025-07-11,0,0.8447625,1,8
2025-07-14,0,0.831803,1,8
2025-07-15,0,0.3353181,0,9
2025-07-16,0,0.34723365,0,9
2025-07-17,0,0.3772284,0,9
2025-07-18,0,0.40756014,0,9
2025-07-21,0,0.7173225,1,9
2025-07-22,0,0.686294,1,9
2025-07-23,0,0.5676337,1,9
2025-07-24,0,0.5929122,1,9
2025-07-25,0,0.6828306,1,9
2025-07-28,0,0.7165269,1,9
2025-07-29,0,0.7445135,1,9
2025-07-30,0,0.76281184,1,9
2025-07-31,0,0.74985933,1,9
2025-08-01,0,0.6794315,1,9
2025-08-04,0,0.769255,1,9
2025-08-05,1,0.78204626,1,9
2025-08-06,1,0.83089024,1,9
2025-08-07,0,0.89752924,1,9
2025-08-08,1,0.9004645,1,9
2025-08-11,1,0.92046255,1,9
2025-08-12,1,0.92318326,1,9
2025-08-13,1,0.9056523,1,9
2025-08-14,1,0.9188845,1,9
2025-08-18,1,0.9164401,1,9
2025-08-19,1,0.91282314,1,9
2025-08-20,0,0.81010336,1,9
2025-08-21,0,0.83106947,1,9
2025-08-22,0,0.87134814,1,9
2025-08-25,0,0.8475545,1,9
2025-08-26,0,0.8346229,1,9
2025-08-28,0,0.8817162,1,9
2025-08-29,1,0.8905178,1,9
2025-09-01,0,0.8759267,1,9
2025-09-02,1,0.8862945,1,9
2025-09-03,1,0.85882163,1,9
2025-09-04,1,0.8970643,1,9
2025-09-05,1,0.91480726,1,9
2025-09-08,1,0.9096125,1,9
2025-09-09,0,0.85618764,1,9
2025-09-10,0,0.78907,1,9
2025-09-11,0,0.76058346,1,9
2025-09-12,0,0.7644114,1,9
2025-09-15,0,0.82090354,1,9
2025-09-16,0,0.8059557,1,9
2025-09-17,0,0.8171807,1,9
2025-09-18,0,0.74904686,1,9
2025-09-19,0,0.8325257,1,9
2025-09-22,0,0.83955693,1,9
2025-09-23,0,0.8229893,1,9
2025-09-24,0,0.8193132,1,9
2025-09-25,1,0.8236931,1,9
2025-09-26,1,0.8503009,1,9
2025-09-29,1,0.8599127,1,9
2025-09-30,1,0.8596143,1,9
2025-10-01,1,0.8748079,1,9
2025-10-03,1,0.88510793,1,9
2025-10-06,0,0.81339157,1,9
2025-10-07,1,0.85869694,1,9
2025-10-08,1,0.77087927,1,9
2025-10-09,0,0.7822252,1,9
2025-10-10,1,0.85100895,1,9
2025-10-13,1,0.8571387,1,9
2025-10-14,1,0.8911506,1,9
2025-10-15,1,0.89544,1,9
2025-10-16,1,0.88677466,1,9
2025-10-17,1,0.88712764,1,9
2025-10-20,0,0.8946496,1,9
2025-10-21,0,0.8944671,1,9
2025-10-23,0,0.82924014,1,9
2025-10-24,0,0.8693253,1,9
2025-10-27,0,0.86244804,1,9
2025-10-28,1,0.87871766,1,9
2025-10-29,1,0.86278975,1,9
2025-10-30,1,0.88443327,1,9
2025-10-31,1,0.88889426,1,9
2025-11-03,1,0.8941999,1,9
2025-11-04,1,0.89872575,1,9
2025-11-06,1,0.8927425,1,9
2025-11-07,1,0.8995265,1,9
2025-11-10,1,0.88397807,1,9
2025-11-11,1,0.8758387,1,9
2025-11-12,0,0.77496105,1,9
2025-11-13,0,0.7757885,1,9
2025-11-14,1,0.7256135,1,9
2025-11-17,1,0.7400323,1,9
2025-11-18,1,0.763397,1,9
2025-11-19,1,0.69043416,1,9
2025-11-20,1,0.7117131,1,9
2025-11-21,1,0.71615726,1,9
2025-11-24,1,0.6682313,1,9
2025-11-25,1,0.6841542,1,9
2025-11-26,0,0.59987485,1,9
2025-11-27,1,0.61705023,1,9
2025-11-28,1,0.61152864,1,9
2025-12-01,1,0.57607275,1,9
2025-12-02,1,0.58111423,1,9
2025-12-03,1,0.6088635,1,9
2025-12-04,1,0.5265693,1,9
2025-12-05,1,0.5795603,1,9
2025-12-08,1,0.6335071,1,9
2025-12-09,1,0.7086178,1,10
2025-12-10,1,0.7168527,1,10
2025-12-11,1,0.7389416,1,10
2025-12-12,0,0.6891204,1,10
2025-12-15,0,0.68645376,1,10
2025-12-16,0,0.6503529,1,10
2025-12-17,0,0.80804664,1,10
2025-12-18,0,0.37304682,0,10
2025-12-19,0,0.37051958,0,10
2025-12-22,0,0.34065482,0,10
2025-12-23,0,0.33856332,0,10
2025-12-24,0,0.52558565,1,10
2025-12-26,0,0.36294883,0,10
2025-12-29,0,0.38987797,0,10
2025-12-30,0,0.35833195,0,10
2025-12-31,0,0.5011194,1,10
2026-01-01,0,0.44002438,0,10
2026-01-02,0,0.33428186,0,10
2026-01-05,0,0.47296917,0,10
2026-01-06,0,0.28762886,0,10
2026-01-07,0,0.30509183,0,10
2026-01-08,0,0.5090848,1,10
2026-01-09,0,0.52971846,1,10
2026-01-12,0,0.4588532,0,10
2026-01-13,0,0.38425678,0,10
2026-01-14,0,0.48263192,0,10
2026-01-15,0,0.5907865,1,10
2026-01-19,1,0.70946145,1,10
2026-01-20,0,0.706226,1,10
2026-01-21,0,0.7174886,1,10
2026-01-22,0,0.72492707,1,10
2026-01-23,0,0.7164119,1,10
2026-01-27,0,0.7429055,1,10
2026-01-28,0,0.63218963,1,10
2026-01-29,0,0.7048734,1,10
2026-01-30,0,0.7162396,1,10
2026-02-02,0,0.7053517,1,10
2026-02-03,0,0.6399349,1,10
2026-02-04,0,0.7857407,1,10
2026-02-05,0,0.80667686,1,10
2026-02-06,0,0.8146346,1,10
2026-02-09,0,0.8128242,1,10
2026-02-10,0,0.8384821,1,10
2026-02-11,0,0.83473814,1,10
2026-02-12,0,0.88193727,1,10
2026-02-13,0,0.87497675,1,10
2026-02-16,0,0.89086145,1,10
2026-02-17,0,0.8988684,1,10
2026-02-18,0,0.89964485,1,10
2026-02-19,0,0.8910832,1,10
2026-02-20,0,0.8425995,1,10
2026-02-23,0,0.839256,1,10
2026-02-24,0,0.88858926,1,10
2026-02-25,0,0.8476261,1,10
2026-02-26,0,0.8517737,1,10
2026-02-27,0,0.8850368,1,10
2026-03-02,0,0.9037768,1,10
2026-03-04,0,0.90816504,1,10
2026-03-05,0,0.9313984,1,10
2026-03-06,0,0.9247776,1,10
2026-03-09,0,0.927899,1,10
2026-03-10,0,0.92791533,1,10
2026-03-11,0,0.9286245,1,10
2026-03-12,0,0.90739685,1,10
2026-03-13,0,0.9080784,1,10
2026-03-16,0,0.9011695,1,10
2026-03-17,1,0.9187676,1,10
2026-03-18,1,0.8430363,1,10
2026-03-19,1,0.8896357,1,10
2026-03-20,1,0.8754904,1,10
2026-03-23,1,0.8913615,1,10
2026-03-24,1,0.8576138,1,10
2026-03-25,1,0.9235051,1,10
2026-03-27,1,0.87552553,1,10
2026-03-30,1,0.91284776,1,10
2026-04-01,1,0.85699517,1,10
2026-04-02,1,0.85397255,1,10
2026-04-06,1,0.82760847,1,10
2026-04-07,0,0.6729136,1,10
2026-04-08,0,0.7122237,1,10
2026-04-09,0,0.67607135,1,10
2026-04-10,0,0.8765429,1,10
2026-04-13,0,0.8566479,1,10
2026-04-15,0,0.8429855,1,10
2026-04-16,0,0.749636,1,10
2026-04-17,0,0.8292306,1,10
2026-04-20,0,0.88789994,1,10
2026-04-21,0,0.5564625,1,10
2026-04-22,0,0.85816723,1,10
2026-04-23,0,0.9171846,1,10
2026-04-24,0,0.87521064,1,10
2026-04-27,0,0.8394465,1,10
2026-04-28,0,0.8766459,1,10
2026-04-29,0,0.78948826,1,10
2026-04-30,0,0.8391647,1,10
2026-05-01,0,0.8311814,1,10
2026-05-05,0,0.87010884,1,10
2026-05-06,0,0.8652265,1,10
2026-05-07,0,0.87384874,1,10
2026-05-08,0,0.8871536,1,10
2026-05-11,0,0.3241072,0,11
2026-05-12,0,0.41408432,0,11
2026-05-13,0,0.4122329,0,11
2026-05-14,1,0.442604,0,11
2026-05-15,1,0.4467876,0,11
2026-05-18,1,0.42571983,0,11
2026-05-19,0,0.2703041,0,11
2026-05-20,0,0.30712453,0,11
2026-05-21,0,0.33654237,0,11
2026-05-22,0,0.41057482,0,11
2026-05-25,0,0.4446354,0,11
2026-05-26,0,0.45230088,0,11
2026-05-27,0,0.5264825,1,11
2026-05-28,0,0.51758415,1,11
2026-06-01,0,0.5368509,1,11
2026-06-02,0,0.2123878,0,11
2026-06-03,0,0.32099563,0,11
2026-06-04,0,0.29907796,0,11
2026-06-05,0,0.27612635,0,11
2026-06-08,0,0.21774371,0,11
2026-06-09,0,0.2119761,0,11
2026-06-10,0,0.20755908,0,11
2026-06-11,0,0.20954011,0,11
2026-06-12,0,0.2164761,0,11
2026-06-15,0,0.24738991,0,11
2026-06-16,0,0.2182104,0,11
2026-06-17,0,0.19558047,0,11
2026-06-18,0,0.20913176,0,11
2026-06-19,0,0.24307789,0,11
2026-06-22,0,0.14167807,0,11
2026-06-23,0,0.15529211,0,11
2026-06-24,0,0.16964827,0,11
2026-06-25,0,0.19994663,0,11
2026-06-26,1,0.24107762,0,11
2026-06-30,1,0.32884958,0,11
2026-07-01,1,0.36804253,0,11
2026-07-02,1,0.31696498,0,11
2026-07-03,1,0.28295133,0,11
2026-07-06,1,0.33131066,0,11
2026-07-07,1,0.20873342,0,11
2026-07-08,1,0.32676122,0,11
2026-07-09,1,0.4110645,0,11
2026-07-10,1,0.27527875,0,11
2026-07-13,1,0.14445485,0,11
2026-07-14,1,0.2108587,0,11
2026-07-15,1,0.18950492,0,11
2026-07-16,1,0.16571835,0,11
2026-07-17,1,0.08899992,0,11
2026-07-20,1,0.10698192,0,11
2026-07-21,1,0.13513762,0,11
2026-07-22,1,0.1341425,0,11
2026-07-23,1,0.118271135,0,11
2026-07-24,1,0.0995648,0,11
