Date,Fold,Model,Close,News_Sentiment,News_Count,Has_News,Actual,Prediction,Probability_Up,Target_Return_1D,Strategy_Return
2025-06-26,1,Technical_Only,3441.800048828125,0.0,0,0,0,0,0.3449467,-0.0002033677616203,0.0
2025-06-27,1,Technical_Only,3441.10009765625,0.0,0,0,1,0,0.4580974,0.00607361069153,0.0
2025-06-30,1,Technical_Only,3462.0,0.0,0,0,0,1,0.5341515,-0.0093298812328495,-0.0093298812328495
2025-07-01,1,Technical_Only,3429.699951171875,0.0,0,0,0,1,0.5332248,-0.0018660239772763,-0.0018660239772763
2025-07-02,1,Technical_Only,3423.300048828125,0.0,0,0,0,1,0.5002537,-0.0065726052870248,-0.0065726052870248
2025-07-03,1,Technical_Only,3400.800048828125,0.0,0,0,1,0,0.4032735,0.0055869206443193,0.0
2025-07-04,1,Technical_Only,3419.800048828125,0.0,0,0,0,0,0.3584028,-0.0023685880871969,0.0
2025-07-07,1,Technical_Only,3411.699951171875,0.0,0,0,0,0,0.37499666,-0.0016120995628912,0.0
2025-07-08,1,Technical_Only,3406.199951171875,0.0,0,0,0,0,0.33914793,-0.0065762147451278,0.0
2025-07-09,1,Technical_Only,3383.800048828125,0.0,1,1,0,0,0.4523643,-0.0005319607548172,0.0
2025-07-10,1,Technical_Only,3382.0,-0.9628780484199524,1,1,0,0,0.35275894,-0.0342992312241277,0.0
2025-07-11,1,Technical_Only,3266.0,0.0,0,0,0,1,0.5008779,-0.0132578226662967,-0.0132578226662967
2025-07-14,1,Technical_Only,3222.699951171875,0.0,0,0,1,1,0.82515264,0.0091848754475223,0.0091848754475223
2025-07-15,1,Technical_Only,3252.300048828125,0.0,0,0,0,1,0.84572333,-0.0059034993338923,-0.0059034993338923
2025-07-16,1,Technical_Only,3233.10009765625,0.0,0,0,0,1,0.72195554,-0.0073923311256898,-0.0073923311256898
2025-07-17,1,Technical_Only,3209.199951171875,0.0,0,0,0,1,0.7523556,-0.0060139751719356,-0.0060139751719356
2025-07-18,1,Technical_Only,3189.89990234375,0.0,0,0,0,1,0.8145014,-0.0099376005963647,-0.0099376005963647
2025-07-21,1,Technical_Only,3158.199951171875,0.0,0,0,1,1,0.7238285,0.0004433368710095,0.0004433368710095
2025-07-22,1,Technical_Only,3159.60009765625,0.0,0,0,1,1,0.72175545,0.0061716671089055,0.0061716671089055
2025-07-23,1,Technical_Only,3179.10009765625,0.0,0,0,0,1,0.8106537,-0.0097826733040516,-0.0097826733040516
2025-07-24,1,Technical_Only,3148.0,0.0,0,0,0,1,0.68200237,-0.0038754609821711,-0.0038754609821711
2025-07-25,1,Technical_Only,3135.800048828125,0.0,0,0,0,1,0.54162365,-0.0180177304420652,-0.0180177304420652
2025-07-28,1,Technical_Only,3079.300048828125,0.0,1,1,0,1,0.656939,-0.0075666704961058,-0.0075666704961058
2025-07-29,1,Technical_Only,3056.0,-0.9644901752471924,1,1,0,1,0.71422637,-0.0007853083585569,-0.0007853083585569
2025-07-30,1,Technical_Only,3053.60009765625,0.0,0,0,0,1,0.7634198,-0.0055017187224416,-0.0055017187224416
2025-07-31,1,Technical_Only,3036.800048828125,0.0,0,0,0,1,0.7201819,-0.01113015288615,-0.01113015288615
2025-08-01,1,Technical_Only,3003.0,0.0,0,0,1,1,0.79079026,0.02377619125666,0.02377619125666
2025-08-04,1,Technical_Only,3074.39990234375,0.0,0,0,0,1,0.5744625,-0.0034153006549327,-0.0034153006549327
2025-08-05,1,Technical_Only,3063.89990234375,0.0,0,0,0,0,0.49409118,-0.0103136050533023,0.0
2025-08-06,1,Technical_Only,3032.300048828125,0.0,0,0,1,1,0.55459964,0.0048477891155778,0.0048477891155778
2025-08-07,1,Technical_Only,3047.0,0.0,0,0,0,1,0.6256384,-0.0034788636876436,-0.0034788636876436
2025-08-08,1,Technical_Only,3036.39990234375,0.0,0,0,1,0,0.49254727,0.0014491327314885,0.0
2025-08-11,1,Technical_Only,3040.800048828125,0.0,0,0,0,0,0.49138728,-0.0017758966053871,0.0
2025-08-12,1,Technical_Only,3035.39990234375,0.0,0,0,1,0,0.43599498,0.0002635727923385,0.0
2025-08-13,1,Technical_Only,3036.199951171875,0.0,0,0,0,0,0.4730362,-0.004578058944499,0.0
2025-08-14,1,Technical_Only,3022.300048828125,0.0,0,0,0,0,0.4141001,-0.0036727318522044,0.0
2025-08-18,1,Technical_Only,3011.199951171875,0.0,0,0,1,1,0.53528214,0.0016604676145979,0.0016604676145979
2025-08-19,1,Technical_Only,3016.199951171875,0.0,0,0,1,0,0.42218676,0.0273191923010145,0.0
2025-08-20,1,Technical_Only,3098.60009765625,0.0,0,0,1,1,0.59200984,0.0012909055295731,0.0012909055295731
2025-08-21,1,Technical_Only,3102.60009765625,0.0,0,0,0,1,0.6439023,-0.0156643125528691,-0.0156643125528691
2025-08-22,1,Technical_Only,3054.0,0.0,0,0,1,1,0.6216826,0.028356286069499,0.028356286069499
2025-08-25,1,Technical_Only,3140.60009765625,0.0,0,0,1,0,0.429485,0.0052855674073286,0.0
2025-08-26,1,Technical_Only,3157.199951171875,0.0,0,0,0,0,0.3420724,-0.0201127584511808,0.0
2025-08-28,1,Technical_Only,3093.699951171875,0.8676714897155762,1,1,0,1,0.574246,-0.0029091379713765,-0.0029091379713765
2025-08-29,1,Technical_Only,3084.699951171875,0.0,0,0,1,1,0.6331595,0.009044687303793,0.009044687303793
2025-09-01,1,Technical_Only,3112.60009765625,0.9138787388801576,1,1,0,1,0.55350053,-0.0003534336637328,-0.0003534336637328
2025-09-02,1,Technical_Only,3111.5,0.5742505192756653,1,1,0,0,0.47093517,-0.0044994375703036,0.0
2025-09-03,1,Technical_Only,3097.5,0.0,0,0,0,0,0.45547467,-0.0005811295651735,0.0
2025-09-04,1,Technical_Only,3095.699951171875,0.0,0,0,0,0,0.3605787,-0.0153115298935243,0.0
2025-09-05,1,Technical_Only,3048.300048828125,0.71612948179245,1,1,0,1,0.68047905,-0.0096119307019625,-0.0096119307019625
2025-09-08,1,Technical_Only,3019.0,0.0,0,0,1,0,0.45983723,0.0100695271095561,0.0
2025-09-09,1,Technical_Only,3049.39990234375,0.9128503203392028,1,1,1,0,0.43666276,0.0198727945159549,0.0
2025-09-10,1,Technical_Only,3110.0,0.0,1,1,1,1,0.50326747,0.004565900698352,0.004565900698352
2025-09-11,1,Technical_Only,3124.199951171875,0.0,0,0,1,0,0.44015154,0.0029447382740097,0.0
2025-09-12,1,Technical_Only,3133.39990234375,0.0,0,0,0,1,0.59341097,-0.0068615563509523,-0.0068615563509523
2025-09-15,1,Technical_Only,3111.89990234375,0.0,1,1,1,0,0.45637202,0.0108615475718445,0.0
2025-09-16,1,Technical_Only,3145.699951171875,0.8968217372894287,1,1,1,0,0.4548812,0.008614965850813,0.0
2025-09-17,1,Technical_Only,3172.800048828125,0.7574449181556702,1,1,1,1,0.52541375,0.001229167386451,0.001229167386451
2025-09-18,1,Technical_Only,3176.699951171875,0.4250576496124267,2,1,0,0,0.4664401,-0.0023609406350239,0.0
2025-09-19,1,Technical_Only,3169.199951171875,0.564842164516449,1,1,0,0,0.26429746,-0.0301022036518945,0.0
2025-06-26,1,Technical_News,3441.800048828125,0.0,0,0,0,0,0.37974524,-0.0002033677616203,0.0
2025-06-27,1,Technical_News,3441.10009765625,0.0,0,0,1,0,0.41812614,0.00607361069153,0.0
2025-06-30,1,Technical_News,3462.0,0.0,0,0,0,1,0.55900365,-0.0093298812328495,-0.0093298812328495
2025-07-01,1,Technical_News,3429.699951171875,0.0,0,0,0,1,0.5781075,-0.0018660239772763,-0.0018660239772763
2025-07-02,1,Technical_News,3423.300048828125,0.0,0,0,0,0,0.49570832,-0.0065726052870248,0.0
2025-07-03,1,Technical_News,3400.800048828125,0.0,0,0,1,0,0.3993632,0.0055869206443193,0.0
2025-07-04,1,Technical_News,3419.800048828125,0.0,0,0,0,0,0.3586239,-0.0023685880871969,0.0
2025-07-07,1,Technical_News,3411.699951171875,0.0,0,0,0,0,0.41950482,-0.0016120995628912,0.0
2025-07-08,1,Technical_News,3406.199951171875,0.0,0,0,0,0,0.3670522,-0.0065762147451278,0.0
2025-07-09,1,Technical_News,3383.800048828125,0.0,1,1,0,0,0.43178582,-0.0005319607548172,0.0
2025-07-10,1,Technical_News,3382.0,-0.9628780484199524,1,1,0,0,0.3169412,-0.0342992312241277,0.0
2025-07-11,1,Technical_News,3266.0,0.0,0,0,0,0,0.40405187,-0.0132578226662967,0.0
2025-07-14,1,Technical_News,3222.699951171875,0.0,0,0,1,1,0.7321202,0.0091848754475223,0.0091848754475223
2025-07-15,1,Technical_News,3252.300048828125,0.0,0,0,0,1,0.79585904,-0.0059034993338923,-0.0059034993338923
2025-07-16,1,Technical_News,3233.10009765625,0.0,0,0,0,1,0.64943945,-0.0073923311256898,-0.0073923311256898
2025-07-17,1,Technical_News,3209.199951171875,0.0,0,0,0,1,0.6731311,-0.0060139751719356,-0.0060139751719356
2025-07-18,1,Technical_News,3189.89990234375,0.0,0,0,0,1,0.78076386,-0.0099376005963647,-0.0099376005963647
2025-07-21,1,Technical_News,3158.199951171875,0.0,0,0,1,1,0.67299116,0.0004433368710095,0.0004433368710095
2025-07-22,1,Technical_News,3159.60009765625,0.0,0,0,1,1,0.6803826,0.0061716671089055,0.0061716671089055
2025-07-23,1,Technical_News,3179.10009765625,0.0,0,0,0,1,0.7583481,-0.0097826733040516,-0.0097826733040516
2025-07-24,1,Technical_News,3148.0,0.0,0,0,0,1,0.66126394,-0.0038754609821711,-0.0038754609821711
2025-07-25,1,Technical_News,3135.800048828125,0.0,0,0,0,1,0.60734737,-0.0180177304420652,-0.0180177304420652
2025-07-28,1,Technical_News,3079.300048828125,0.0,1,1,0,1,0.6287865,-0.0075666704961058,-0.0075666704961058
2025-07-29,1,Technical_News,3056.0,-0.9644901752471924,1,1,0,1,0.6211761,-0.0007853083585569,-0.0007853083585569
2025-07-30,1,Technical_News,3053.60009765625,0.0,0,0,0,1,0.66654587,-0.0055017187224416,-0.0055017187224416
2025-07-31,1,Technical_News,3036.800048828125,0.0,0,0,0,1,0.6532839,-0.01113015288615,-0.01113015288615
2025-08-01,1,Technical_News,3003.0,0.0,0,0,1,1,0.6780416,0.02377619125666,0.02377619125666
2025-08-04,1,Technical_News,3074.39990234375,0.0,0,0,0,1,0.5550216,-0.0034153006549327,-0.0034153006549327
2025-08-05,1,Technical_News,3063.89990234375,0.0,0,0,0,1,0.51019317,-0.0103136050533023,-0.0103136050533023
2025-08-06,1,Technical_News,3032.300048828125,0.0,0,0,1,0,0.49862313,0.0048477891155778,0.0
2025-08-07,1,Technical_News,3047.0,0.0,0,0,0,1,0.6212537,-0.0034788636876436,-0.0034788636876436
2025-08-08,1,Technical_News,3036.39990234375,0.0,0,0,1,1,0.52262884,0.0014491327314885,0.0014491327314885
2025-08-11,1,Technical_News,3040.800048828125,0.0,0,0,0,0,0.41366938,-0.0017758966053871,0.0
2025-08-12,1,Technical_News,3035.39990234375,0.0,0,0,1,0,0.46234274,0.0002635727923385,0.0
2025-08-13,1,Technical_News,3036.199951171875,0.0,0,0,0,0,0.41521147,-0.004578058944499,0.0
2025-08-14,1,Technical_News,3022.300048828125,0.0,0,0,0,0,0.43156537,-0.0036727318522044,0.0
2025-08-18,1,Technical_News,3011.199951171875,0.0,0,0,1,1,0.5006398,0.0016604676145979,0.0016604676145979
2025-08-19,1,Technical_News,3016.199951171875,0.0,0,0,1,0,0.42127466,0.0273191923010145,0.0
2025-08-20,1,Technical_News,3098.60009765625,0.0,0,0,1,1,0.6005364,0.0012909055295731,0.0012909055295731
2025-08-21,1,Technical_News,3102.60009765625,0.0,0,0,0,1,0.60197794,-0.0156643125528691,-0.0156643125528691
2025-08-22,1,Technical_News,3054.0,0.0,0,0,1,1,0.5949572,0.028356286069499,0.028356286069499
2025-08-25,1,Technical_News,3140.60009765625,0.0,0,0,1,0,0.35425964,0.0052855674073286,0.0
2025-08-26,1,Technical_News,3157.199951171875,0.0,0,0,0,0,0.2843175,-0.0201127584511808,0.0
2025-08-28,1,Technical_News,3093.699951171875,0.8676714897155762,1,1,0,0,0.45812666,-0.0029091379713765,0.0
2025-08-29,1,Technical_News,3084.699951171875,0.0,0,0,1,0,0.49748832,0.009044687303793,0.0
2025-09-01,1,Technical_News,3112.60009765625,0.9138787388801576,1,1,0,0,0.49414498,-0.0003534336637328,0.0
2025-09-02,1,Technical_News,3111.5,0.5742505192756653,1,1,0,0,0.44273257,-0.0044994375703036,0.0
2025-09-03,1,Technical_News,3097.5,0.0,0,0,0,0,0.4483047,-0.0005811295651735,0.0
2025-09-04,1,Technical_News,3095.699951171875,0.0,0,0,0,0,0.3781286,-0.0153115298935243,0.0
2025-09-05,1,Technical_News,3048.300048828125,0.71612948179245,1,1,0,1,0.6498889,-0.0096119307019625,-0.0096119307019625
2025-09-08,1,Technical_News,3019.0,0.0,0,0,1,0,0.4779727,0.0100695271095561,0.0
2025-09-09,1,Technical_News,3049.39990234375,0.9128503203392028,1,1,1,0,0.47842658,0.0198727945159549,0.0
2025-09-10,1,Technical_News,3110.0,0.0,1,1,1,0,0.45134655,0.004565900698352,0.0
2025-09-11,1,Technical_News,3124.199951171875,0.0,0,0,1,0,0.46811706,0.0029447382740097,0.0
2025-09-12,1,Technical_News,3133.39990234375,0.0,0,0,0,1,0.5722436,-0.0068615563509523,-0.0068615563509523
2025-09-15,1,Technical_News,3111.89990234375,0.0,1,1,1,1,0.51991594,0.0108615475718445,0.0108615475718445
2025-09-16,1,Technical_News,3145.699951171875,0.8968217372894287,1,1,1,0,0.4609951,0.008614965850813,0.0
2025-09-17,1,Technical_News,3172.800048828125,0.7574449181556702,1,1,1,1,0.52430487,0.001229167386451,0.001229167386451
2025-09-18,1,Technical_News,3176.699951171875,0.4250576496124267,2,1,0,0,0.46663263,-0.0023609406350239,0.0
2025-09-19,1,Technical_News,3169.199951171875,0.564842164516449,1,1,0,0,0.29794934,-0.0301022036518945,0.0
2025-09-22,2,Technical_Only,3073.800048828125,0.0,2,1,0,0,0.28942707,-0.0037088119927388,0.0
2025-09-23,2,Technical_Only,3062.39990234375,0.0,0,0,0,0,0.43695405,-0.0088166147012139,0.0
2025-09-24,2,Technical_Only,3035.39990234375,0.0,0,0,0,0,0.36478102,-0.0256967788460996,0.0
2025-09-25,2,Technical_Only,2957.39990234375,-0.908211886882782,1,1,0,0,0.36269566,-0.019713196257732,0.0
2025-09-26,2,Technical_Only,2899.10009765625,0.0,0,0,0,1,0.57288265,-0.0010348038698027,-0.0010348038698027
2025-09-29,2,Technical_Only,2896.10009765625,0.0,0,0,0,1,0.63048357,-0.0026588153215876,-0.0026588153215876
2025-09-30,2,Technical_Only,2888.39990234375,0.0,0,0,1,1,0.6051431,0.0089322980544315,0.0089322980544315
2025-10-01,2,Technical_Only,2914.199951171875,0.0,0,0,0,1,0.6340792,-0.0042207291998542,-0.0042207291998542
2025-10-03,2,Technical_Only,2901.89990234375,0.0,0,0,1,1,0.6190884,0.0298080577934949,0.0298080577934949
2025-10-06,2,Technical_Only,2988.39990234375,0.0,0,0,0,1,0.74562997,-0.0049190040330098,-0.0049190040330098
2025-10-07,2,Technical_Only,2973.699951171875,0.0,0,0,1,0,0.49795857,0.0179910552101656,0.0
2025-10-08,2,Technical_Only,3027.199951171875,0.0,0,0,1,0,0.4568859,0.0113966703741008,0.0
2025-10-09,2,Technical_Only,3061.699951171875,0.061937616630034,11,1,0,0,0.45484912,-0.01090894041755,0.0
2025-10-10,2,Technical_Only,3028.300048828125,-0.0792205810546875,5,1,0,0,0.33905378,-0.0069676377228258,0.0
2025-10-13,2,Technical_Only,3007.199951171875,-0.4815511107444763,2,1,0,0,0.39615363,-0.0155958709448215,0.0
2025-10-14,2,Technical_Only,2960.300048828125,0.6939406991004944,1,1,1,0,0.4886302,0.0032091341564381,0.0
2025-10-15,2,Technical_Only,2969.800048828125,-0.4791199862957,2,1,1,0,0.30386528,0.0003030178223968,0.0
2025-10-16,2,Technical_Only,2970.699951171875,0.0,1,1,0,0,0.3621049,-0.0028612785335816,0.0
2025-10-17,2,Technical_Only,2962.199951171875,0.0,0,0,1,0,0.341961,0.0178921075125373,0.0
2025-10-20,2,Technical_Only,3015.199951171875,0.0,0,0,0,0,0.46502724,-0.002819050191579,0.0
2025-10-21,2,Technical_Only,3006.699951171875,0.0,0,0,1,1,0.58583814,0.0221172717863256,0.0221172717863256
2025-10-23,2,Technical_Only,3073.199951171875,0.0,1,1,0,1,0.5534411,-0.0032539373157892,-0.0032539373157892
2025-10-24,2,Technical_Only,3063.199951171875,0.0,0,0,1,1,0.57928306,0.007084079236673,0.007084079236673
2025-10-27,2,Technical_Only,3084.89990234375,-0.9577045440673828,1,1,0,1,0.5895867,-0.0087523099143304,-0.0087523099143304
2025-10-28,2,Technical_Only,3057.89990234375,0.0,0,0,0,1,0.5003353,-9.804267538982005e-05,-9.804267538982005e-05
2025-10-29,2,Technical_Only,3057.60009765625,0.0,0,0,0,0,0.41511527,-0.0072933176726475,0.0
2025-10-30,2,Technical_Only,3035.300048828125,0.0,0,0,1,0,0.4854556,0.0074786514699392,0.0
2025-10-31,2,Technical_Only,3058.0,0.0,0,0,0,0,0.47410452,-0.0134728421098349,0.0
2025-11-03,2,Technical_Only,3016.800048828125,0.0,0,0,0,0,0.46037287,-0.0088173220716377,0.0
2025-11-04,2,Technical_Only,2990.199951171875,0.8764766256014506,3,1,1,1,0.50089586,0.0069225976556392,0.0069225976556392
2025-11-06,2,Technical_Only,3010.89990234375,0.0,0,0,0,1,0.61776876,-0.0063435697416434,-0.0063435697416434
2025-11-07,2,Technical_Only,2991.800048828125,0.8721573352813721,1,1,1,1,0.56203955,0.0111638150272885,0.0111638150272885
2025-11-10,2,Technical_Only,3025.199951171875,0.0,0,0,1,1,0.5634271,0.0072061513883339,0.0072061513883339
2025-11-11,2,Technical_Only,3047.0,0.2718196908632914,3,1,1,1,0.53694105,0.0278306691263947,0.0278306691263947
2025-11-12,2,Technical_Only,3131.800048828125,-0.9176658987998962,1,1,0,0,0.39280108,-0.0083338965608664,0.0
2025-11-13,2,Technical_Only,3105.699951171875,0.0,0,0,1,1,0.60111046,9.661230409974132e-05,9.661230409974132e-05
2025-11-14,2,Technical_Only,3106.0,0.0,0,0,0,0,0.4934018,-0.0012234542266983,0.0
2025-11-17,2,Technical_Only,3102.199951171875,0.0,0,0,0,1,0.61068493,-0.0048674662347025,-0.0048674662347025
2025-11-18,2,Technical_Only,3087.10009765625,0.0,0,0,1,0,0.47877416,0.0196300254603447,0.0
2025-11-19,2,Technical_Only,3147.699951171875,-0.9165284037590028,1,1,0,0,0.4218835,-0.0009212766110919,0.0
2025-11-20,2,Technical_Only,3144.800048828125,0.321272075176239,2,1,1,0,0.3328082,0.0018443299217978,0.0
2025-11-21,2,Technical_Only,3150.60009765625,0.3909061849117279,2,1,0,0,0.26067653,-0.0029836050888742,0.0
2025-11-24,2,Technical_Only,3141.199951171875,-0.8039926091829935,3,1,0,0,0.26194957,-0.0070036929651016,0.0
2025-11-25,2,Technical_Only,3119.199951171875,0.0,0,0,1,0,0.49191767,0.0140099871300194,0.0
2025-11-26,2,Technical_Only,3162.89990234375,0.0,0,0,0,1,0.5523539,-0.0083150923201874,-0.0083150923201874
2025-11-27,2,Technical_Only,3136.60009765625,-0.8521829843521118,1,1,1,1,0.507477,0.0002869037542982,0.0002869037542982
2025-11-28,2,Technical_Only,3137.5,0.0,0,0,0,0,0.41622728,-0.0013068040338645,0.0
2025-12-01,2,Technical_Only,3133.39990234375,0.0,1,1,1,0,0.33466354,0.0007340425415871,0.0
2025-12-02,2,Technical_Only,3135.699951171875,-0.9507519602775574,1,1,1,0,0.308196,0.0141276427968082,0.0
2025-12-03,2,Technical_Only,3180.0,0.908187747001648,1,1,1,0,0.4352469,0.0154716827584513,0.0
2025-12-04,2,Technical_Only,3229.199951171875,0.0,4,1,1,0,0.22911546,0.002787068046602,0.0
2025-12-05,2,Technical_Only,3238.199951171875,0.0,0,0,0,0,0.2662636,-0.0005249679443851,0.0
2025-12-08,2,Technical_Only,3236.5,0.0,0,0,0,0,0.4181346,-0.008713100933686,0.0
2025-12-09,2,Technical_Only,3208.300048828125,0.0,0,0,0,0,0.36544865,-0.0059533389538258,0.0
2025-12-10,2,Technical_Only,3189.199951171875,0.0,1,1,1,1,0.52901596,0.0008465920021361,0.0008465920021361
2025-12-11,2,Technical_Only,3191.89990234375,0.3537787646055221,4,1,1,0,0.4352462,0.0089602113259408,0.0
2025-12-12,2,Technical_Only,3220.5,0.0,0,0,1,0,0.26514488,0.0030119395037648,0.0
2025-12-15,2,Technical_Only,3230.199951171875,0.0,0,0,0,0,0.2587321,-0.007770371461531,0.0
2025-12-16,2,Technical_Only,3205.10009765625,0.5250781178474426,1,1,1,0,0.24299227,0.0039624195141867,0.0
2025-12-17,2,Technical_Only,3217.800048828125,0.4898167967796326,5,1,1,0,0.3136526,0.0195785937733898,0.0
2025-09-22,2,Technical_News,3073.800048828125,0.0,2,1,0,0,0.3261127,-0.0037088119927388,0.0
2025-09-23,2,Technical_News,3062.39990234375,0.0,0,0,0,0,0.44213453,-0.0088166147012139,0.0
2025-09-24,2,Technical_News,3035.39990234375,0.0,0,0,0,0,0.39781165,-0.0256967788460996,0.0
2025-09-25,2,Technical_News,2957.39990234375,-0.908211886882782,1,1,0,0,0.3151982,-0.019713196257732,0.0
2025-09-26,2,Technical_News,2899.10009765625,0.0,0,0,0,1,0.5697249,-0.0010348038698027,-0.0010348038698027
2025-09-29,2,Technical_News,2896.10009765625,0.0,0,0,0,1,0.6439175,-0.0026588153215876,-0.0026588153215876
2025-09-30,2,Technical_News,2888.39990234375,0.0,0,0,1,1,0.5989579,0.0089322980544315,0.0089322980544315
2025-10-01,2,Technical_News,2914.199951171875,0.0,0,0,0,1,0.58113194,-0.0042207291998542,-0.0042207291998542
2025-10-03,2,Technical_News,2901.89990234375,0.0,0,0,1,1,0.5033234,0.0298080577934949,0.0298080577934949
2025-10-06,2,Technical_News,2988.39990234375,0.0,0,0,0,1,0.66097337,-0.0049190040330098,-0.0049190040330098
2025-10-07,2,Technical_News,2973.699951171875,0.0,0,0,1,0,0.47266963,0.0179910552101656,0.0
2025-10-08,2,Technical_News,3027.199951171875,0.0,0,0,1,0,0.35393357,0.0113966703741008,0.0
2025-10-09,2,Technical_News,3061.699951171875,0.061937616630034,11,1,0,0,0.3281172,-0.01090894041755,0.0
2025-10-10,2,Technical_News,3028.300048828125,-0.0792205810546875,5,1,0,0,0.3133147,-0.0069676377228258,0.0
2025-10-13,2,Technical_News,3007.199951171875,-0.4815511107444763,2,1,0,0,0.2880984,-0.0155958709448215,0.0
2025-10-14,2,Technical_News,2960.300048828125,0.6939406991004944,1,1,1,0,0.4216906,0.0032091341564381,0.0
2025-10-15,2,Technical_News,2969.800048828125,-0.4791199862957,2,1,1,0,0.21848793,0.0003030178223968,0.0
2025-10-16,2,Technical_News,2970.699951171875,0.0,1,1,0,0,0.27758843,-0.0028612785335816,0.0
2025-10-17,2,Technical_News,2962.199951171875,0.0,0,0,1,0,0.30228722,0.0178921075125373,0.0
2025-10-20,2,Technical_News,3015.199951171875,0.0,0,0,0,0,0.45855865,-0.002819050191579,0.0
2025-10-21,2,Technical_News,3006.699951171875,0.0,0,0,1,1,0.5239087,0.0221172717863256,0.0221172717863256
2025-10-23,2,Technical_News,3073.199951171875,0.0,1,1,0,1,0.56532705,-0.0032539373157892,-0.0032539373157892
2025-10-24,2,Technical_News,3063.199951171875,0.0,0,0,1,1,0.5244103,0.007084079236673,0.007084079236673
2025-10-27,2,Technical_News,3084.89990234375,-0.9577045440673828,1,1,0,0,0.39242843,-0.0087523099143304,0.0
2025-10-28,2,Technical_News,3057.89990234375,0.0,0,0,0,0,0.3767849,-9.804267538982005e-05,0.0
2025-10-29,2,Technical_News,3057.60009765625,0.0,0,0,0,0,0.2996503,-0.0072933176726475,0.0
2025-10-30,2,Technical_News,3035.300048828125,0.0,0,0,1,0,0.29662383,0.0074786514699392,0.0
2025-10-31,2,Technical_News,3058.0,0.0,0,0,0,0,0.2728606,-0.0134728421098349,0.0
2025-11-03,2,Technical_News,3016.800048828125,0.0,0,0,0,0,0.37300608,-0.0088173220716377,0.0
2025-11-04,2,Technical_News,2990.199951171875,0.8764766256014506,3,1,1,0,0.49506873,0.0069225976556392,0.0
2025-11-06,2,Technical_News,3010.89990234375,0.0,0,0,0,1,0.566581,-0.0063435697416434,-0.0063435697416434
2025-11-07,2,Technical_News,2991.800048828125,0.8721573352813721,1,1,1,1,0.58124,0.0111638150272885,0.0111638150272885
2025-11-10,2,Technical_News,3025.199951171875,0.0,0,0,1,1,0.58857477,0.0072061513883339,0.0072061513883339
2025-11-11,2,Technical_News,3047.0,0.2718196908632914,3,1,1,1,0.587739,0.0278306691263947,0.0278306691263947
2025-11-12,2,Technical_News,3131.800048828125,-0.9176658987998962,1,1,0,0,0.39618742,-0.0083338965608664,0.0
2025-11-13,2,Technical_News,3105.699951171875,0.0,0,0,1,1,0.5481567,9.661230409974132e-05,9.661230409974132e-05
2025-11-14,2,Technical_News,3106.0,0.0,0,0,0,0,0.38454214,-0.0012234542266983,0.0
2025-11-17,2,Technical_News,3102.199951171875,0.0,0,0,0,1,0.5335543,-0.0048674662347025,-0.0048674662347025
2025-11-18,2,Technical_News,3087.10009765625,0.0,0,0,1,0,0.46779674,0.0196300254603447,0.0
2025-11-19,2,Technical_News,3147.699951171875,-0.9165284037590028,1,1,0,0,0.32288843,-0.0009212766110919,0.0
2025-11-20,2,Technical_News,3144.800048828125,0.321272075176239,2,1,1,0,0.24591105,0.0018443299217978,0.0
2025-11-21,2,Technical_News,3150.60009765625,0.3909061849117279,2,1,0,0,0.16885284,-0.0029836050888742,0.0
2025-11-24,2,Technical_News,3141.199951171875,-0.8039926091829935,3,1,0,0,0.16413204,-0.0070036929651016,0.0
2025-11-25,2,Technical_News,3119.199951171875,0.0,0,0,1,0,0.3511524,0.0140099871300194,0.0
2025-11-26,2,Technical_News,3162.89990234375,0.0,0,0,0,0,0.39067537,-0.0083150923201874,0.0
2025-11-27,2,Technical_News,3136.60009765625,-0.8521829843521118,1,1,1,0,0.37330532,0.0002869037542982,0.0
2025-11-28,2,Technical_News,3137.5,0.0,0,0,0,0,0.3418771,-0.0013068040338645,0.0
2025-12-01,2,Technical_News,3133.39990234375,0.0,1,1,1,0,0.25706777,0.0007340425415871,0.0
2025-12-02,2,Technical_News,3135.699951171875,-0.9507519602775574,1,1,1,0,0.21527354,0.0141276427968082,0.0
2025-12-03,2,Technical_News,3180.0,0.908187747001648,1,1,1,0,0.30867985,0.0154716827584513,0.0
2025-12-04,2,Technical_News,3229.199951171875,0.0,4,1,1,0,0.17007454,0.002787068046602,0.0
2025-12-05,2,Technical_News,3238.199951171875,0.0,0,0,0,0,0.19812983,-0.0005249679443851,0.0
2025-12-08,2,Technical_News,3236.5,0.0,0,0,0,0,0.28697404,-0.008713100933686,0.0
2025-12-09,2,Technical_News,3208.300048828125,0.0,0,0,0,0,0.32768938,-0.0059533389538258,0.0
2025-12-10,2,Technical_News,3189.199951171875,0.0,1,1,1,0,0.45085165,0.0008465920021361,0.0
2025-12-11,2,Technical_News,3191.89990234375,0.3537787646055221,4,1,1,0,0.44026977,0.0089602113259408,0.0
2025-12-12,2,Technical_News,3220.5,0.0,0,0,1,0,0.24388948,0.0030119395037648,0.0
2025-12-15,2,Technical_News,3230.199951171875,0.0,0,0,0,0,0.27425784,-0.007770371461531,0.0
2025-12-16,2,Technical_News,3205.10009765625,0.5250781178474426,1,1,1,0,0.35471314,0.0039624195141867,0.0
2025-12-17,2,Technical_News,3217.800048828125,0.4898167967796326,5,1,1,0,0.36014295,0.0195785937733898,0.0
2025-12-18,3,Technical_Only,3280.800048828125,0.2507065137227376,3,1,1,1,0.58543426,0.0003657495592588,0.0003657495592588
2025-12-19,3,Technical_Only,3282.0,0.0,1,1,1,1,0.5652994,0.0130712682339275,0.0130712682339275
2025-12-22,3,Technical_Only,3324.89990234375,0.0,0,0,0,0,0.32879615,-0.0044813085450322,0.0
2025-12-23,3,Technical_Only,3310.0,0.0,1,1,1,0,0.38720524,0.0027190332326283,0.0
2025-12-24,3,Technical_Only,3319.0,0.0,0,0,0,0,0.3335818,-0.0117505272672491,0.0
2025-12-26,3,Technical_Only,3280.0,0.0,0,0,0,0,0.46693185,-0.0086890243902438,0.0
2025-12-29,3,Technical_Only,3251.5,0.0,0,0,0,1,0.5981557,-0.0014454716813393,-0.0014454716813393
2025-12-30,3,Technical_Only,3246.800048828125,0.0,0,0,0,1,0.6269387,-0.0125046498231092,-0.0125046498231092
2025-12-31,3,Technical_Only,3206.199951171875,-0.3353654742240906,2,1,1,1,0.57637304,0.0066121737554534,0.0066121737554534
2026-01-01,3,Technical_Only,3227.39990234375,-0.8009296655654907,1,1,1,1,0.55756694,0.0072194489474961,0.0072194489474961
2026-01-02,3,Technical_Only,3250.699951171875,0.0,0,0,0,1,0.557667,-0.0106438164196458,-0.0106438164196458
2026-01-05,3,Technical_Only,3216.10009765625,0.0,0,0,1,1,0.668003,0.0123441279706457,0.0123441279706457
2026-01-06,3,Technical_Only,3255.800048828125,0.0,0,0,1,1,0.5984364,0.0122243529182481,0.0122243529182481
2026-01-07,3,Technical_Only,3295.60009765625,0.0,0,0,0,1,0.6849433,-0.0278250371996635,-0.0278250371996635
2026-01-08,3,Technical_Only,3203.89990234375,0.0,0,0,1,0,0.37299812,0.0012173122142555,0.0
2026-01-09,3,Technical_Only,3207.800048828125,0.0,0,0,1,0,0.46348506,0.0099133513136961,0.0
2026-01-12,3,Technical_Only,3239.60009765625,-0.5837990999221802,5,1,1,1,0.60127246,0.0087664839756909,0.0087664839756909
2026-01-13,3,Technical_Only,3268.0,-0.0091167092323303,2,1,0,0,0.46868268,-0.0231028151774785,0.0
2026-01-14,3,Technical_Only,3192.5,0.9497962594032288,1,1,0,0,0.37893695,0.0,0.0
2026-01-15,3,Technical_Only,3192.5,0.0,0,0,1,0,0.4002155,0.0044479095291698,0.0
2026-01-19,3,Technical_Only,3163.60009765625,0.0,0,0,0,0,0.34296677,-0.0193766743380552,0.0
2026-01-20,3,Technical_Only,3102.300048828125,0.0,0,0,1,0,0.31186107,0.0065435478543711,0.0
2026-01-21,3,Technical_Only,3122.60009765625,0.0,0,0,1,1,0.54974043,0.0089027745526446,0.0089027745526446
2026-01-22,3,Technical_Only,3150.39990234375,0.0,0,0,1,0,0.38828835,0.0038408132400105,0.0
2026-01-23,3,Technical_Only,3162.5,0.0,0,0,0,1,0.5461354,-0.0014229249011857,-0.0014229249011857
2026-01-27,3,Technical_Only,3158.0,-0.0045799612998961,2,1,1,0,0.32742482,0.0133312532160385,0.0
2026-01-28,3,Technical_Only,3200.10009765625,0.0,0,0,0,1,0.5500814,-0.017405766573769,-0.017405766573769
2026-01-29,3,Technical_Only,3144.39990234375,-0.9262295365333556,1,1,0,0,0.49762252,-0.0065195269802418,0.0
2026-01-30,3,Technical_Only,3123.89990234375,0.0,0,0,1,0,0.41450378,0.0146292124399416,0.0
2026-02-02,3,Technical_Only,3169.60009765625,0.0,0,0,1,1,0.5525806,0.0175731794093085,0.0175731794093085
2026-02-03,3,Technical_Only,3225.300048828125,0.0,0,0,0,1,0.6667671,-0.0701329946818628,-0.0701329946818628
2026-02-04,3,Technical_Only,2999.10009765625,0.0,0,0,0,0,0.22223432,-0.0025341260407377,0.0
2026-02-05,3,Technical_Only,2991.5,0.0,0,0,0,0,0.3442246,-0.0166805623746448,0.0
2026-02-06,3,Technical_Only,2941.60009765625,0.0,0,0,1,1,0.6119317,0.0022436270385235,0.0022436270385235
2026-02-09,3,Technical_Only,2948.199951171875,0.7397122979164124,1,1,1,0,0.4254235,0.0123465664090749,0.0
2026-02-10,3,Technical_Only,2984.60009765625,0.0,0,0,0,1,0.65281117,-0.0250620003955853,-0.0250620003955853
2026-02-11,3,Technical_Only,2909.800048828125,-0.0519038140773772,2,1,0,0,0.4411272,-0.0548834794460161,0.0
2026-02-12,3,Technical_Only,2750.10009765625,-0.954838752746582,1,1,0,0,0.35619527,-0.0210538323800358,0.0
2026-02-13,3,Technical_Only,2692.199951171875,0.0,0,0,1,0,0.37597188,0.0053488398876564,0.0
2026-02-16,3,Technical_Only,2706.60009765625,0.0,0,0,1,0,0.461229,0.0039901737596375,0.0
2026-02-17,3,Technical_Only,2717.39990234375,0.0,0,0,0,1,0.5976253,-0.0082799738016453,-0.0082799738016453
2026-02-18,3,Technical_Only,2694.89990234375,0.0,0,0,0,1,0.7174017,-0.0063082120360815,-0.0063082120360815
2026-02-19,3,Technical_Only,2677.89990234375,0.0,0,0,1,1,0.82095546,0.0030994619406277,0.0030994619406277
2026-02-20,3,Technical_Only,2686.199951171875,0.0,0,0,0,1,0.69481575,-0.003685467397701,-0.003685467397701
2026-02-23,3,Technical_Only,2676.300048828125,0.8483548164367676,1,1,0,1,0.61121225,-0.038336545149777,-0.038336545149777
2026-02-24,3,Technical_Only,2573.699951171875,0.0,0,0,1,0,0.37794933,0.0216031778028102,0.0
2026-02-25,3,Technical_Only,2629.300048828125,0.0,0,0,1,1,0.6456588,0.0069980230487389,0.0069980230487389
2026-02-26,3,Technical_Only,2647.699951171875,0.0,0,0,0,0,0.39490765,-0.0038901873392286,0.0
2026-02-27,3,Technical_Only,2637.39990234375,0.0,0,0,0,1,0.6866676,-0.0090619182637078,-0.0090619182637078
2026-03-02,3,Technical_Only,2613.5,0.0,0,0,0,0,0.39462313,-0.0098335378503443,0.0
2026-03-04,3,Technical_Only,2587.800048828125,0.0,0,0,0,1,0.57353145,-0.0034778575740717,-0.0034778575740717
2026-03-05,3,Technical_Only,2578.800048828125,0.0,0,0,0,1,0.612433,-0.0082208588376244,-0.0082208588376244
2026-03-06,3,Technical_Only,2557.60009765625,0.0,1,1,0,0,0.48035702,-0.0118080208630642,0.0
2026-03-09,3,Technical_Only,2527.39990234375,0.0,1,1,0,0,0.297322,-0.0056579113872083,0.0
2026-03-10,3,Technical_Only,2513.10009765625,0.0,0,0,0,1,0.54772496,-0.0191795763954853,-0.0191795763954853
2026-03-11,3,Technical_Only,2464.89990234375,0.8093113303184509,1,1,0,0,0.39733678,-0.0091281597190238,0.0
2026-03-12,3,Technical_Only,2442.39990234375,0.5945767760276794,1,1,0,0,0.43118554,-0.0130608842201224,0.0
2026-03-13,3,Technical_Only,2410.5,0.0,0,0,0,1,0.58878005,-0.000539327454107,-0.000539327454107
2026-03-16,3,Technical_Only,2409.199951171875,0.0,0,0,0,0,0.41103932,-0.0072638221628253,0.0
2026-03-17,3,Technical_Only,2391.699951171875,0.0,0,0,1,1,0.6165525,0.0205293718520971,0.0205293718520971
2025-12-18,3,Technical_News,3280.800048828125,0.2507065137227376,3,1,1,1,0.65560114,0.0003657495592588,0.0003657495592588
2025-12-19,3,Technical_News,3282.0,0.0,1,1,1,1,0.6594285,0.0130712682339275,0.0130712682339275
2025-12-22,3,Technical_News,3324.89990234375,0.0,0,0,0,0,0.43731177,-0.0044813085450322,0.0
2025-12-23,3,Technical_News,3310.0,0.0,1,1,1,0,0.49020332,0.0027190332326283,0.0
2025-12-24,3,Technical_News,3319.0,0.0,0,0,0,0,0.39729255,-0.0117505272672491,0.0
2025-12-26,3,Technical_News,3280.0,0.0,0,0,0,1,0.5237007,-0.0086890243902438,-0.0086890243902438
2025-12-29,3,Technical_News,3251.5,0.0,0,0,0,1,0.62351006,-0.0014454716813393,-0.0014454716813393
2025-12-30,3,Technical_News,3246.800048828125,0.0,0,0,0,1,0.62328756,-0.0125046498231092,-0.0125046498231092
2025-12-31,3,Technical_News,3206.199951171875,-0.3353654742240906,2,1,1,0,0.45918736,0.0066121737554534,0.0
2026-01-01,3,Technical_News,3227.39990234375,-0.8009296655654907,1,1,1,0,0.39896464,0.0072194489474961,0.0
2026-01-02,3,Technical_News,3250.699951171875,0.0,0,0,0,0,0.42052963,-0.0106438164196458,0.0
2026-01-05,3,Technical_News,3216.10009765625,0.0,0,0,1,0,0.41830674,0.0123441279706457,0.0
2026-01-06,3,Technical_News,3255.800048828125,0.0,0,0,1,0,0.46222404,0.0122243529182481,0.0
2026-01-07,3,Technical_News,3295.60009765625,0.0,0,0,0,0,0.4699674,-0.0278250371996635,0.0
2026-01-08,3,Technical_News,3203.89990234375,0.0,0,0,1,0,0.3187763,0.0012173122142555,0.0
2026-01-09,3,Technical_News,3207.800048828125,0.0,0,0,1,0,0.34571138,0.0099133513136961,0.0
2026-01-12,3,Technical_News,3239.60009765625,-0.5837990999221802,5,1,1,0,0.41836825,0.0087664839756909,0.0
2026-01-13,3,Technical_News,3268.0,-0.0091167092323303,2,1,0,0,0.29563808,-0.0231028151774785,0.0
2026-01-14,3,Technical_News,3192.5,0.9497962594032288,1,1,0,0,0.3525275,0.0,0.0
2026-01-15,3,Technical_News,3192.5,0.0,0,0,1,0,0.4137818,0.0044479095291698,0.0
2026-01-19,3,Technical_News,3163.60009765625,0.0,0,0,0,0,0.32072678,-0.0193766743380552,0.0
2026-01-20,3,Technical_News,3102.300048828125,0.0,0,0,1,0,0.3743763,0.0065435478543711,0.0
2026-01-21,3,Technical_News,3122.60009765625,0.0,0,0,1,1,0.5054109,0.0089027745526446,0.0089027745526446
2026-01-22,3,Technical_News,3150.39990234375,0.0,0,0,1,0,0.43113688,0.0038408132400105,0.0
2026-01-23,3,Technical_News,3162.5,0.0,0,0,0,1,0.53541815,-0.0014229249011857,-0.0014229249011857
2026-01-27,3,Technical_News,3158.0,-0.0045799612998961,2,1,1,0,0.31125644,0.0133312532160385,0.0
2026-01-28,3,Technical_News,3200.10009765625,0.0,0,0,0,0,0.4630892,-0.017405766573769,0.0
2026-01-29,3,Technical_News,3144.39990234375,-0.9262295365333556,1,1,0,0,0.37906846,-0.0065195269802418,0.0
2026-01-30,3,Technical_News,3123.89990234375,0.0,0,0,1,0,0.20418143,0.0146292124399416,0.0
2026-02-02,3,Technical_News,3169.60009765625,0.0,0,0,1,0,0.2906046,0.0175731794093085,0.0
2026-02-03,3,Technical_News,3225.300048828125,0.0,0,0,0,1,0.50770915,-0.0701329946818628,-0.0701329946818628
2026-02-04,3,Technical_News,2999.10009765625,0.0,0,0,0,0,0.22501063,-0.0025341260407377,0.0
2026-02-05,3,Technical_News,2991.5,0.0,0,0,0,0,0.31745824,-0.0166805623746448,0.0
2026-02-06,3,Technical_News,2941.60009765625,0.0,0,0,1,1,0.66799754,0.0022436270385235,0.0022436270385235
2026-02-09,3,Technical_News,2948.199951171875,0.7397122979164124,1,1,1,1,0.5718318,0.0123465664090749,0.0123465664090749
2026-02-10,3,Technical_News,2984.60009765625,0.0,0,0,0,1,0.68075156,-0.0250620003955853,-0.0250620003955853
2026-02-11,3,Technical_News,2909.800048828125,-0.0519038140773772,2,1,0,1,0.5376469,-0.0548834794460161,-0.0548834794460161
2026-02-12,3,Technical_News,2750.10009765625,-0.954838752746582,1,1,0,0,0.32042083,-0.0210538323800358,0.0
2026-02-13,3,Technical_News,2692.199951171875,0.0,0,0,1,0,0.2880911,0.0053488398876564,0.0
2026-02-16,3,Technical_News,2706.60009765625,0.0,0,0,1,0,0.36613494,0.0039901737596375,0.0
2026-02-17,3,Technical_News,2717.39990234375,0.0,0,0,0,1,0.5198228,-0.0082799738016453,-0.0082799738016453
2026-02-18,3,Technical_News,2694.89990234375,0.0,0,0,0,1,0.7179786,-0.0063082120360815,-0.0063082120360815
2026-02-19,3,Technical_News,2677.89990234375,0.0,0,0,1,1,0.81886667,0.0030994619406277,0.0030994619406277
2026-02-20,3,Technical_News,2686.199951171875,0.0,0,0,0,1,0.624069,-0.003685467397701,-0.003685467397701
2026-02-23,3,Technical_News,2676.300048828125,0.8483548164367676,1,1,0,1,0.636734,-0.038336545149777,-0.038336545149777
2026-02-24,3,Technical_News,2573.699951171875,0.0,0,0,1,1,0.5125573,0.0216031778028102,0.0216031778028102
2026-02-25,3,Technical_News,2629.300048828125,0.0,0,0,1,1,0.62974757,0.0069980230487389,0.0069980230487389
2026-02-26,3,Technical_News,2647.699951171875,0.0,0,0,0,0,0.3881502,-0.0038901873392286,0.0
2026-02-27,3,Technical_News,2637.39990234375,0.0,0,0,0,1,0.6971142,-0.0090619182637078,-0.0090619182637078
2026-03-02,3,Technical_News,2613.5,0.0,0,0,0,0,0.45245326,-0.0098335378503443,0.0
2026-03-04,3,Technical_News,2587.800048828125,0.0,0,0,0,1,0.6421293,-0.0034778575740717,-0.0034778575740717
2026-03-05,3,Technical_News,2578.800048828125,0.0,0,0,0,1,0.6693319,-0.0082208588376244,-0.0082208588376244
2026-03-06,3,Technical_News,2557.60009765625,0.0,1,1,0,0,0.49060765,-0.0118080208630642,0.0
2026-03-09,3,Technical_News,2527.39990234375,0.0,1,1,0,0,0.36140683,-0.0056579113872083,0.0
2026-03-10,3,Technical_News,2513.10009765625,0.0,0,0,0,1,0.5755394,-0.0191795763954853,-0.0191795763954853
2026-03-11,3,Technical_News,2464.89990234375,0.8093113303184509,1,1,0,1,0.5428057,-0.0091281597190238,-0.0091281597190238
2026-03-12,3,Technical_News,2442.39990234375,0.5945767760276794,1,1,0,1,0.6151938,-0.0130608842201224,-0.0130608842201224
2026-03-13,3,Technical_News,2410.5,0.0,0,0,0,1,0.7472638,-0.000539327454107,-0.000539327454107
2026-03-16,3,Technical_News,2409.199951171875,0.0,0,0,0,1,0.51254654,-0.0072638221628253,-0.0072638221628253
2026-03-17,3,Technical_News,2391.699951171875,0.0,0,0,1,1,0.69446135,0.0205293718520971,0.0205293718520971
2026-03-18,4,Technical_Only,2440.800048828125,0.0,0,0,0,0,0.3649575,-0.0347427266190194,0.0
2026-03-19,4,Technical_Only,2356.0,0.860910952091217,1,1,1,0,0.19794893,0.0146859497692062,0.0
2026-03-20,4,Technical_Only,2390.60009765625,0.0,1,1,0,0,0.17242642,-0.002844494499432,0.0
2026-03-23,4,Technical_Only,2383.800048828125,0.0,0,0,1,0,0.17983507,0.0062924740719649,0.0
2026-03-24,4,Technical_Only,2398.800048828125,0.0118333399295806,2,1,0,0,0.16149355,-0.008921188114378,0.0
2026-03-25,4,Technical_Only,2377.39990234375,0.0,0,0,1,0,0.25416005,0.0052158437762828,0.0
2026-03-27,4,Technical_Only,2389.800048828125,0.0,0,0,0,0,0.22022003,-0.0129300133287415,0.0
2026-03-30,4,Technical_Only,2358.89990234375,0.0,0,0,1,0,0.14496922,0.0208995933990847,0.0
2026-04-01,4,Technical_Only,2408.199951171875,-0.939684510231018,1,1,1,0,0.31405303,0.0176480362352464,0.0
2026-04-02,4,Technical_Only,2450.699951171875,0.0,0,0,1,1,0.5914826,0.0094666632529947,0.0094666632529947
2026-04-06,4,Technical_Only,2473.89990234375,0.0,0,0,1,1,0.5041514,0.026638162046064,0.026638162046064
2026-04-07,4,Technical_Only,2539.800048828125,0.8683103322982788,1,1,1,0,0.29656485,0.0076383581269325,0.0
2026-04-08,4,Technical_Only,2559.199951171875,0.0,0,0,1,0,0.17538819,0.0116442831340628,0.0
2026-04-09,4,Technical_Only,2589.0,0.4142893776297569,8,1,0,0,0.22000362,-0.0249903249022306,0.0
2026-04-10,4,Technical_Only,2524.300048828125,-0.9681332111358644,1,1,0,0,0.21401301,-0.020480905665662,0.0
2026-04-13,4,Technical_Only,2472.60009765625,-0.4547959963480631,3,1,1,0,0.3493051,0.0332847211182718,0.0
2026-04-15,4,Technical_Only,2554.89990234375,0.0,0,0,1,0,0.36222973,0.0086109048655167,0.0
2026-04-16,4,Technical_Only,2576.89990234375,-0.7855833172798157,1,1,1,0,0.2129654,0.001785128577197,0.0
2026-04-17,4,Technical_Only,2581.5,0.0,1,1,0,0,0.26311508,-0.0007359683686809,0.0
2026-04-20,4,Technical_Only,2579.60009765625,-0.9206759333610536,1,1,1,0,0.30536872,0.0119785630229369,0.0
2026-04-21,4,Technical_Only,2610.5,0.0,0,0,0,0,0.21153009,-0.0275809231947902,0.0
2026-04-22,4,Technical_Only,2538.5,-0.5583907961845398,1,1,0,0,0.24182345,-0.0065786689666633,0.0
2026-04-23,4,Technical_Only,2521.800048828125,0.2599866092205047,2,1,0,1,0.58492213,-0.049528171966852,-0.049528171966852
2026-04-24,4,Technical_Only,2396.89990234375,0.8964292407035828,1,1,1,0,0.25733095,0.0211524040961927,0.0
2026-04-27,4,Technical_Only,2447.60009765625,0.8299960494041443,1,1,0,0,0.46736133,-0.0011848939241144,0.0
2026-04-28,4,Technical_Only,2444.699951171875,0.0,0,0,1,0,0.29873434,0.0122714445940981,0.0
2026-04-29,4,Technical_Only,2474.699951171875,0.0,0,0,0,0,0.35636258,-0.0003232912449633,0.0
2026-04-30,4,Technical_Only,2473.89990234375,0.0,0,0,0,0,0.36189297,0.0,0.0
2026-05-01,4,Technical_Only,2473.89990234375,0.0,0,0,0,1,0.51143813,-0.0172197159130271,-0.0172197159130271
2026-05-05,4,Technical_Only,2427.300048828125,0.0,0,0,1,0,0.353309,0.0033369807410235,0.0
2026-05-06,4,Technical_Only,2435.39990234375,0.0,0,0,0,0,0.33251002,-0.0139607462278698,0.0
2026-05-07,4,Technical_Only,2401.39990234375,0.0,0,0,0,0,0.40111554,-0.0029149663882171,0.0
2026-05-08,4,Technical_Only,2394.39990234375,0.0,0,0,0,0,0.2225268,-0.0006264617696198,0.0
2026-05-11,4,Technical_Only,2392.89990234375,-0.460558146238327,2,1,0,0,0.29515475,-0.0386977547305372,0.0
2026-05-12,4,Technical_Only,2300.300048828125,0.8498318791389465,1,1,0,0,0.18301615,-0.0119549621424429,0.0
2026-05-13,4,Technical_Only,2272.800048828125,0.0,0,0,0,1,0.5081759,-0.0117916438984341,-0.0117916438984341
2026-05-14,4,Technical_Only,2246.0,0.0,0,0,1,0,0.42144945,0.0080142475512021,0.0
2026-05-15,4,Technical_Only,2264.0,0.0,1,1,1,0,0.35887733,0.0084805438038317,0.0
2026-05-18,4,Technical_Only,2283.199951171875,0.2459221283594767,3,1,1,0,0.3447454,0.0192274647088368,0.0
2026-05-19,4,Technical_Only,2327.10009765625,0.0,0,0,1,0,0.3008654,0.0001288318829955,0.0
2026-05-20,4,Technical_Only,2327.39990234375,0.0,0,0,0,0,0.37567016,-8.591182446715528e-05,0.0
2026-05-21,4,Technical_Only,2327.199951171875,0.0,0,0,0,0,0.26836777,-0.0042539973149985,0.0
2026-05-22,4,Technical_Only,2317.300048828125,0.0,0,0,0,0,0.43135747,-0.0039270260494975,0.0
2026-05-25,4,Technical_Only,2308.199951171875,0.0,0,0,0,0,0.46689692,-0.0138636169642727,0.0
2026-05-26,4,Technical_Only,2276.199951171875,0.0,2,1,1,0,0.43298003,0.0035146297212955,0.0
2026-05-27,4,Technical_Only,2284.199951171875,0.8149822354316711,3,1,0,0,0.2811981,0.0,0.0
2026-05-28,4,Technical_Only,2284.199951171875,0.0,0,0,0,0,0.43148676,-0.0110761095214738,0.0
2026-06-01,4,Technical_Only,2297.39990234375,0.0,0,0,1,1,0.5831292,0.0650735641833553,0.0650735641833553
2026-06-02,4,Technical_Only,2446.89990234375,0.0,0,0,0,0,0.24068655,-0.0838611955378008,0.0
2026-06-03,4,Technical_Only,2241.699951171875,0.0,0,0,0,0,0.26271448,-0.0003122412397381,0.0
2026-06-04,4,Technical_Only,2241.0,0.5656810998916626,1,1,0,0,0.45691895,-0.0187862997127398,0.0
2026-06-05,4,Technical_Only,2198.89990234375,0.0,0,0,0,0,0.16754265,-0.0216017109052444,0.0
2026-06-08,4,Technical_Only,2151.39990234375,0.4668537179629008,6,1,0,0,0.1453834,-0.0001858800603803,0.0
2026-06-09,4,Technical_Only,2151.0,0.1820408701896667,4,1,1,0,0.28882027,0.0013481647344257,0.0
2026-06-10,4,Technical_Only,2153.89990234375,-0.5764150619506836,3,1,0,0,0.3013137,-0.0084961258726959,0.0
2026-06-11,4,Technical_Only,2135.60009765625,0.0,0,0,1,0,0.31571078,0.0120808220208523,0.0
2026-06-12,4,Technical_Only,2161.39990234375,0.0,1,1,1,0,0.3843618,0.00027764304773,0.0
2026-06-15,4,Technical_Only,2162.0,0.0,0,0,1,0,0.3871049,0.0171137835337651,0.0
2026-06-16,4,Technical_Only,2199.0,-0.5259201327959696,3,1,1,1,0.5576669,0.0109140518417463,0.0109140518417463
2026-06-17,4,Technical_Only,2223.0,0.0,0,0,0,0,0.46437204,-0.008861876370614,0.0
2026-03-18,4,Technical_News,2440.800048828125,0.0,0,0,0,0,0.32013205,-0.0347427266190194,0.0
2026-03-19,4,Technical_News,2356.0,0.860910952091217,1,1,1,0,0.22783095,0.0146859497692062,0.0
2026-03-20,4,Technical_News,2390.60009765625,0.0,1,1,0,0,0.2343041,-0.002844494499432,0.0
2026-03-23,4,Technical_News,2383.800048828125,0.0,0,0,1,0,0.18838206,0.0062924740719649,0.0
2026-03-24,4,Technical_News,2398.800048828125,0.0118333399295806,2,1,0,0,0.17156468,-0.008921188114378,0.0
2026-03-25,4,Technical_News,2377.39990234375,0.0,0,0,1,0,0.28804395,0.0052158437762828,0.0
2026-03-27,4,Technical_News,2389.800048828125,0.0,0,0,0,0,0.27799633,-0.0129300133287415,0.0
2026-03-30,4,Technical_News,2358.89990234375,0.0,0,0,1,0,0.16974244,0.0208995933990847,0.0
2026-04-01,4,Technical_News,2408.199951171875,-0.939684510231018,1,1,1,0,0.2793896,0.0176480362352464,0.0
2026-04-02,4,Technical_News,2450.699951171875,0.0,0,0,1,0,0.4383197,0.0094666632529947,0.0
2026-04-06,4,Technical_News,2473.89990234375,0.0,0,0,1,0,0.39779276,0.026638162046064,0.0
2026-04-07,4,Technical_News,2539.800048828125,0.8683103322982788,1,1,1,0,0.21210863,0.0076383581269325,0.0
2026-04-08,4,Technical_News,2559.199951171875,0.0,0,0,1,0,0.17736353,0.0116442831340628,0.0
2026-04-09,4,Technical_News,2589.0,0.4142893776297569,8,1,0,0,0.17643908,-0.0249903249022306,0.0
2026-04-10,4,Technical_News,2524.300048828125,-0.9681332111358644,1,1,0,0,0.20946103,-0.020480905665662,0.0
2026-04-13,4,Technical_News,2472.60009765625,-0.4547959963480631,3,1,1,0,0.2932063,0.0332847211182718,0.0
2026-04-15,4,Technical_News,2554.89990234375,0.0,0,0,1,0,0.28444198,0.0086109048655167,0.0
2026-04-16,4,Technical_News,2576.89990234375,-0.7855833172798157,1,1,1,0,0.19207506,0.001785128577197,0.0
2026-04-17,4,Technical_News,2581.5,0.0,1,1,0,0,0.27674016,-0.0007359683686809,0.0
2026-04-20,4,Technical_News,2579.60009765625,-0.9206759333610536,1,1,1,0,0.27310196,0.0119785630229369,0.0
2026-04-21,4,Technical_News,2610.5,0.0,0,0,0,0,0.17304127,-0.0275809231947902,0.0
2026-04-22,4,Technical_News,2538.5,-0.5583907961845398,1,1,0,0,0.17773615,-0.0065786689666633,0.0
2026-04-23,4,Technical_News,2521.800048828125,0.2599866092205047,2,1,0,1,0.50760764,-0.049528171966852,-0.049528171966852
2026-04-24,4,Technical_News,2396.89990234375,0.8964292407035828,1,1,1,0,0.20975065,0.0211524040961927,0.0
2026-04-27,4,Technical_News,2447.60009765625,0.8299960494041443,1,1,0,0,0.4809102,-0.0011848939241144,0.0
2026-04-28,4,Technical_News,2444.699951171875,0.0,0,0,1,0,0.34486133,0.0122714445940981,0.0
2026-04-29,4,Technical_News,2474.699951171875,0.0,0,0,0,0,0.40613234,-0.0003232912449633,0.0
2026-04-30,4,Technical_News,2473.89990234375,0.0,0,0,0,0,0.3344105,0.0,0.0
2026-05-01,4,Technical_News,2473.89990234375,0.0,0,0,0,0,0.4835424,-0.0172197159130271,0.0
2026-05-05,4,Technical_News,2427.300048828125,0.0,0,0,1,0,0.42267856,0.0033369807410235,0.0
2026-05-06,4,Technical_News,2435.39990234375,0.0,0,0,0,0,0.3917682,-0.0139607462278698,0.0
2026-05-07,4,Technical_News,2401.39990234375,0.0,0,0,0,0,0.49667546,-0.0029149663882171,0.0
2026-05-08,4,Technical_News,2394.39990234375,0.0,0,0,0,0,0.3279341,-0.0006264617696198,0.0
2026-05-11,4,Technical_News,2392.89990234375,-0.460558146238327,2,1,0,0,0.2428058,-0.0386977547305372,0.0
2026-05-12,4,Technical_News,2300.300048828125,0.8498318791389465,1,1,0,0,0.19280806,-0.0119549621424429,0.0
2026-05-13,4,Technical_News,2272.800048828125,0.0,0,0,0,1,0.5513406,-0.0117916438984341,-0.0117916438984341
2026-05-14,4,Technical_News,2246.0,0.0,0,0,1,0,0.4165933,0.0080142475512021,0.0
2026-05-15,4,Technical_News,2264.0,0.0,1,1,1,0,0.34814653,0.0084805438038317,0.0
2026-05-18,4,Technical_News,2283.199951171875,0.2459221283594767,3,1,1,0,0.35523182,0.0192274647088368,0.0
2026-05-19,4,Technical_News,2327.10009765625,0.0,0,0,1,0,0.29381597,0.0001288318829955,0.0
2026-05-20,4,Technical_News,2327.39990234375,0.0,0,0,0,0,0.40236342,-8.591182446715528e-05,0.0
2026-05-21,4,Technical_News,2327.199951171875,0.0,0,0,0,0,0.29150286,-0.0042539973149985,0.0
2026-05-22,4,Technical_News,2317.300048828125,0.0,0,0,0,0,0.46529928,-0.0039270260494975,0.0
2026-05-25,4,Technical_News,2308.199951171875,0.0,0,0,0,1,0.5040301,-0.0138636169642727,-0.0138636169642727
2026-05-26,4,Technical_News,2276.199951171875,0.0,2,1,1,0,0.46779695,0.0035146297212955,0.0
2026-05-27,4,Technical_News,2284.199951171875,0.8149822354316711,3,1,0,0,0.38643742,0.0,0.0
2026-05-28,4,Technical_News,2284.199951171875,0.0,0,0,0,1,0.53321654,-0.0110761095214738,-0.0110761095214738
2026-06-01,4,Technical_News,2297.39990234375,0.0,0,0,1,1,0.51010865,0.0650735641833553,0.0650735641833553
2026-06-02,4,Technical_News,2446.89990234375,0.0,0,0,0,0,0.19137426,-0.0838611955378008,0.0
2026-06-03,4,Technical_News,2241.699951171875,0.0,0,0,0,0,0.318228,-0.0003122412397381,0.0
2026-06-04,4,Technical_News,2241.0,0.5656810998916626,1,1,0,0,0.4165262,-0.0187862997127398,0.0
2026-06-05,4,Technical_News,2198.89990234375,0.0,0,0,0,0,0.1555152,-0.0216017109052444,0.0
2026-06-08,4,Technical_News,2151.39990234375,0.4668537179629008,6,1,0,0,0.178404,-0.0001858800603803,0.0
2026-06-09,4,Technical_News,2151.0,0.1820408701896667,4,1,1,0,0.2772057,0.0013481647344257,0.0
2026-06-10,4,Technical_News,2153.89990234375,-0.5764150619506836,3,1,0,0,0.3473082,-0.0084961258726959,0.0
2026-06-11,4,Technical_News,2135.60009765625,0.0,0,0,1,0,0.26250574,0.0120808220208523,0.0
2026-06-12,4,Technical_News,2161.39990234375,0.0,1,1,1,0,0.3907489,0.00027764304773,0.0
2026-06-15,4,Technical_News,2162.0,0.0,0,0,1,0,0.41733113,0.0171137835337651,0.0
2026-06-16,4,Technical_News,2199.0,-0.5259201327959696,3,1,1,1,0.50693035,0.0109140518417463,0.0109140518417463
2026-06-17,4,Technical_News,2223.0,0.0,0,0,0,0,0.4186284,-0.008861876370614,0.0
2026-06-18,5,Technical_Only,2203.300048828125,0.2978459000587463,2,1,0,0,0.47052255,-0.0355376240606769,0.0
2026-06-19,5,Technical_Only,2125.0,0.5259965658187866,1,1,1,0,0.3172938,0.0013176700367647,0.0
2026-06-22,5,Technical_Only,2127.800048828125,-0.2425114512443542,4,1,0,0,0.2832215,-0.0320518608923972,0.0
2026-06-23,5,Technical_Only,2059.60009765625,0.0,1,1,1,0,0.19067325,0.0239851912999835,0.0
2026-06-24,5,Technical_Only,2109.0,-0.4719847738742828,2,1,0,0,0.4392001,-0.0067804878274656,0.0
2026-06-25,5,Technical_Only,2094.699951171875,0.0,0,0,0,1,0.51905304,0.0,0.0
2026-06-26,5,Technical_Only,2094.699951171875,0.7527576088905334,1,1,1,0,0.49006355,0.0015276417847265,0.0
2026-06-30,5,Technical_Only,2031.5,0.0,0,0,0,0,0.31079802,-0.0240708956013107,0.0
2026-07-01,5,Technical_Only,1982.5999755859373,0.0,0,0,1,0,0.2591082,0.0431252512474404,0.0
2026-07-02,5,Technical_Only,2068.10009765625,0.5378509163856506,1,1,1,1,0.5946071,0.0122817567546829,0.0122817567546829
2026-07-03,5,Technical_Only,2093.5,0.0,0,0,0,0,0.48750716,-0.0171482695695008,0.0
2026-07-06,5,Technical_Only,2057.60009765625,-0.5533917546272278,1,1,1,0,0.43096218,0.0187111188631134,0.0
2026-07-07,5,Technical_Only,2096.10009765625,-0.8373667001724243,1,1,0,1,0.62490284,-0.0184151976804021,-0.0184151976804021
2026-07-08,5,Technical_Only,2057.5,0.0,0,0,0,0,0.42039067,-0.0038882138517618,0.0
2026-07-09,5,Technical_Only,2049.5,0.3420390033203622,23,1,1,0,0.48095965,0.0095145157355451,0.0
2026-07-10,5,Technical_Only,2069.0,0.1556444891861506,14,1,1,1,0.60710615,0.0543740937651038,0.0543740937651038
2026-07-13,5,Technical_Only,2181.5,0.1149586737155914,8,1,1,0,0.2978809,0.0087554882678202,0.0
2026-07-14,5,Technical_Only,2200.60009765625,0.3667915761470794,4,1,0,0,0.36773843,-0.0051804716797553,0.0
2026-07-15,5,Technical_Only,2189.199951171875,0.5554892619450887,3,1,1,0,0.4216964,0.0053901192633447,0.0
2026-07-16,5,Technical_Only,2201.0,0.4441466331481933,2,1,1,0,0.32805055,0.0308950477055882,0.0
2026-07-17,5,Technical_Only,2269.0,0.7426338493824005,2,1,0,0,0.30084035,-0.0078888948187527,0.0
2026-07-20,5,Technical_Only,2251.10009765625,0.7352922558784485,1,1,0,1,0.5945372,-0.0133268174219506,-0.0133268174219506
2026-07-21,5,Technical_Only,2221.10009765625,0.0,0,0,0,1,0.55086535,-0.0057629320000623,-0.0057629320000623
2026-07-22,5,Technical_Only,2208.300048828125,0.0,1,1,1,1,0.56895375,0.0156680943488571,0.0156680943488571
2026-07-23,5,Technical_Only,2242.89990234375,0.0,2,1,1,1,0.5531125,0.0050827709575724,0.0050827709575724
2026-07-24,5,Technical_Only,2254.300048828125,0.0,1,1,1,1,0.579407,0.0183205642255095,0.0183205642255095
2026-07-27,5,Technical_Only,2295.60009765625,0.0,1,1,1,0,0.3838608,0.0446070299649741,0.0
2026-07-28,5,Technical_Only,2398.0,0.0,0,0,1,0,0.25338864,0.0202669297982693,0.0
2026-07-29,5,Technical_Only,2446.60009765625,0.5535045266151428,1,1,0,0,0.24082541,-0.006049230866255,0.0
2026-07-30,5,Technical_Only,2431.800048828125,0.0,0,0,0,0,0.3930139,-0.0272226128146417,0.0
2026-07-31,5,Technical_Only,2365.60009765625,0.0,1,1,1,0,0.29711378,0.0456965882030213,0.0
2026-08-03,5,Technical_Only,2473.699951171875,-0.7305925488471985,1,1,0,0,0.2917409,-0.0055382428921442,0.0
2026-08-04,5,Technical_Only,2460.0,0.0,0,0,0,0,0.4373344,-0.0191056910569106,0.0
2026-08-05,5,Technical_Only,2413.0,0.699238121509552,1,1,0,0,0.44564956,-0.0165768752590136,0.0
2026-08-06,5,Technical_Only,2373.0,0.0,0,0,1,0,0.46783787,0.0335861572574274,0.0
2026-08-07,5,Technical_Only,2452.699951171875,0.0,0,0,0,1,0.5003748,-0.0110082768122939,-0.0110082768122939
2026-08-10,5,Technical_Only,2425.699951171875,-0.4398401379585266,2,1,1,1,0.56537735,0.0082450428340643,0.0082450428340643
2026-08-11,5,Technical_Only,2445.699951171875,0.0,0,0,0,1,0.5258495,-0.0392525665112766,-0.0392525665112766
2026-08-12,5,Technical_Only,2349.699951171875,-0.7164277732372284,4,1,1,0,0.2613369,0.0107673530041598,0.0
2026-08-13,5,Technical_Only,2375.0,0.3643560409545898,2,1,0,0,0.4770991,-0.0058947368421052,0.0
2026-08-14,5,Technical_Only,2361.0,0.0,0,0,0,1,0.50926524,-0.0202456793003493,-0.0202456793003493
2026-08-17,5,Technical_Only,2313.199951171875,0.4978454411029815,1,1,0,1,0.5089017,-0.0143523914372624,-0.0143523914372624
2026-08-18,5,Technical_Only,2280.0,0.0,0,0,1,1,0.63494223,0.0039473684210526,0.0039473684210526
2026-08-19,5,Technical_Only,2289.0,0.0,0,0,1,1,0.6605457,0.0039318479685452,0.0039318479685452
2026-08-20,5,Technical_Only,2298.0,0.0,3,1,1,1,0.7344934,0.0017406440382941,0.0017406440382941
2026-08-21,5,Technical_Only,2302.0,0.0,0,0,0,1,0.6471307,-0.0077758046671372,-0.0077758046671372
2026-06-18,5,Technical_News,2203.300048828125,0.2978459000587463,2,1,0,1,0.5597035,-0.0355376240606769,-0.0355376240606769
2026-06-19,5,Technical_News,2125.0,0.5259965658187866,1,1,1,0,0.3983402,0.0013176700367647,0.0
2026-06-22,5,Technical_News,2127.800048828125,-0.2425114512443542,4,1,0,0,0.34942552,-0.0320518608923972,0.0
2026-06-23,5,Technical_News,2059.60009765625,0.0,1,1,1,0,0.23156764,0.0239851912999835,0.0
2026-06-24,5,Technical_News,2109.0,-0.4719847738742828,2,1,0,0,0.4993981,-0.0067804878274656,0.0
2026-06-25,5,Technical_News,2094.699951171875,0.0,0,0,0,1,0.5037768,0.0,0.0
2026-06-26,5,Technical_News,2094.699951171875,0.7527576088905334,1,1,1,1,0.5567249,0.0015276417847265,0.0015276417847265
2026-06-30,5,Technical_News,2031.5,0.0,0,0,0,0,0.3293861,-0.0240708956013107,0.0
2026-07-01,5,Technical_News,1982.5999755859373,0.0,0,0,1,0,0.27717936,0.0431252512474404,0.0
2026-07-02,5,Technical_News,2068.10009765625,0.5378509163856506,1,1,1,1,0.5121285,0.0122817567546829,0.0122817567546829
2026-07-03,5,Technical_News,2093.5,0.0,0,0,0,0,0.48631263,-0.0171482695695008,0.0
2026-07-06,5,Technical_News,2057.60009765625,-0.5533917546272278,1,1,1,0,0.42898825,0.0187111188631134,0.0
2026-07-07,5,Technical_News,2096.10009765625,-0.8373667001724243,1,1,0,1,0.52396333,-0.0184151976804021,-0.0184151976804021
2026-07-08,5,Technical_News,2057.5,0.0,0,0,0,0,0.47340223,-0.0038882138517618,0.0
2026-07-09,5,Technical_News,2049.5,0.3420390033203622,23,1,1,1,0.55086344,0.0095145157355451,0.0095145157355451
2026-07-10,5,Technical_News,2069.0,0.1556444891861506,14,1,1,1,0.5557857,0.0543740937651038,0.0543740937651038
2026-07-13,5,Technical_News,2181.5,0.1149586737155914,8,1,1,0,0.3310569,0.0087554882678202,0.0
2026-07-14,5,Technical_News,2200.60009765625,0.3667915761470794,4,1,0,0,0.39199477,-0.0051804716797553,0.0
2026-07-15,5,Technical_News,2189.199951171875,0.5554892619450887,3,1,1,0,0.44969052,0.0053901192633447,0.0
2026-07-16,5,Technical_News,2201.0,0.4441466331481933,2,1,1,0,0.35937378,0.0308950477055882,0.0
2026-07-17,5,Technical_News,2269.0,0.7426338493824005,2,1,0,0,0.28586867,-0.0078888948187527,0.0
2026-07-20,5,Technical_News,2251.10009765625,0.7352922558784485,1,1,0,1,0.5255152,-0.0133268174219506,-0.0133268174219506
2026-07-21,5,Technical_News,2221.10009765625,0.0,0,0,0,1,0.5184322,-0.0057629320000623,-0.0057629320000623
2026-07-22,5,Technical_News,2208.300048828125,0.0,1,1,1,1,0.50600886,0.0156680943488571,0.0156680943488571
2026-07-23,5,Technical_News,2242.89990234375,0.0,2,1,1,1,0.5307432,0.0050827709575724,0.0050827709575724
2026-07-24,5,Technical_News,2254.300048828125,0.0,1,1,1,1,0.5159447,0.0183205642255095,0.0183205642255095
2026-07-27,5,Technical_News,2295.60009765625,0.0,1,1,1,0,0.31007057,0.0446070299649741,0.0
2026-07-28,5,Technical_News,2398.0,0.0,0,0,1,0,0.24924979,0.0202669297982693,0.0
2026-07-29,5,Technical_News,2446.60009765625,0.5535045266151428,1,1,0,0,0.19627248,-0.006049230866255,0.0
2026-07-30,5,Technical_News,2431.800048828125,0.0,0,0,0,0,0.3099557,-0.0272226128146417,0.0
2026-07-31,5,Technical_News,2365.60009765625,0.0,1,1,1,0,0.25414875,0.0456965882030213,0.0
2026-08-03,5,Technical_News,2473.699951171875,-0.7305925488471985,1,1,0,0,0.279704,-0.0055382428921442,0.0
2026-08-04,5,Technical_News,2460.0,0.0,0,0,0,0,0.37953195,-0.0191056910569106,0.0
2026-08-05,5,Technical_News,2413.0,0.699238121509552,1,1,0,0,0.4688067,-0.0165768752590136,0.0
2026-08-06,5,Technical_News,2373.0,0.0,0,0,1,1,0.5154104,0.0335861572574274,0.0335861572574274
2026-08-07,5,Technical_News,2452.699951171875,0.0,0,0,0,0,0.47304195,-0.0110082768122939,0.0
2026-08-10,5,Technical_News,2425.699951171875,-0.4398401379585266,2,1,1,1,0.573987,0.0082450428340643,0.0082450428340643
2026-08-11,5,Technical_News,2445.699951171875,0.0,0,0,0,0,0.48224187,-0.0392525665112766,0.0
2026-08-12,5,Technical_News,2349.699951171875,-0.7164277732372284,4,1,1,0,0.27065095,0.0107673530041598,0.0
2026-08-13,5,Technical_News,2375.0,0.3643560409545898,2,1,0,0,0.4478403,-0.0058947368421052,0.0
2026-08-14,5,Technical_News,2361.0,0.0,0,0,0,1,0.5063432,-0.0202456793003493,-0.0202456793003493
2026-08-17,5,Technical_News,2313.199951171875,0.4978454411029815,1,1,0,1,0.59196365,-0.0143523914372624,-0.0143523914372624
2026-08-18,5,Technical_News,2280.0,0.0,0,0,1,1,0.6588175,0.0039473684210526,0.0039473684210526
2026-08-19,5,Technical_News,2289.0,0.0,0,0,1,1,0.59350836,0.0039318479685452,0.0039318479685452
2026-08-20,5,Technical_News,2298.0,0.0,3,1,1,1,0.7226998,0.0017406440382941,0.0017406440382941
2026-08-21,5,Technical_News,2302.0,0.0,0,0,0,1,0.58453745,-0.0077758046671372,-0.0077758046671372
