Date,Close,Future_Return_5D,Target,Predicted_Target,AVOID_Probability,HOLD_Probability,BUY_Probability,Confidence
2024-06-07,3609.33251953125,-0.0158964939116572,0,0,0.10085608,0.74187356,0.15727031,0.74187356
2024-06-10,3576.658935546875,-0.0112990482249311,0,0,0.4076771,0.4482451,0.14407776,0.4482451
2024-06-11,3570.541748046875,-0.0130838836319249,0,0,0.23062599,0.7023431,0.067030884,0.7023431
2024-06-12,3551.5859375,-0.0115875830119906,0,0,0.22603375,0.68599653,0.08796972,0.68599653
2024-06-13,3594.687255859375,-0.0173794348063708,0,0,0.19192085,0.6932327,0.11484645,0.6932327
2024-06-14,3551.956787109375,-0.0039794306271678,0,0,0.12106841,0.81048054,0.068451054,0.81048054
2024-06-18,3536.24609375,0.0061203507426992,0,0,0.15509732,0.76232576,0.08257695,0.76232576
2024-06-19,3523.8251953125,0.0142435823996085,0,0,0.13337474,0.7758085,0.090816796,0.7758085
2024-06-20,3510.431640625,0.0387879929295553,1,0,0.22735141,0.6608808,0.11176782,0.6608808
2024-06-21,3532.213623046875,0.0245096971947713,1,0,0.142904,0.5926725,0.2644235,0.5926725
2024-06-24,3537.822021484375,0.0422866210210683,1,0,0.1831062,0.68572307,0.1311707,0.68572307
2024-06-25,3557.88916015625,0.0466203722828215,1,0,0.3733423,0.4042941,0.22236353,0.4042941
2024-06-26,3574.01708984375,0.0283725707475026,1,0,0.11208849,0.80378854,0.084122956,0.80378854
2024-06-27,3646.59423828125,0.0220632077903384,1,0,0.070941344,0.75750566,0.17155302,0.75750566
2024-06-28,3618.787109375,0.027573119662525,1,0,0.2552806,0.5947378,0.14998159,0.5947378
2024-07-01,3687.424560546875,0.0037706677129452,0,0,0.122619264,0.7231346,0.15424615,0.7231346
2024-07-02,3723.75927734375,-0.0079404594048012,0,0,0.06526814,0.76212585,0.17260604,0.76212585
2024-07-03,3675.421142578125,-0.0141479721213388,0,0,0.28453112,0.5725453,0.1429236,0.5725453
2024-07-04,3727.0498046875,-0.0241858441466904,-1,0,0.31381646,0.52500695,0.16117662,0.52500695
2024-07-05,3718.568359375,0.0429111689804175,1,0,0.13950907,0.75629747,0.10419344,0.75629747
2024-07-08,3701.32861328125,0.0440749145055994,1,-1,0.6519491,0.23675987,0.11129102,0.6519491
2024-07-09,3694.19091796875,0.0484131481238425,1,0,0.37533993,0.5108315,0.11382861,0.5108315
2024-07-10,3623.42138671875,0.1039610865022442,1,-1,0.57406753,0.25526756,0.17066494,0.57406753
2024-07-11,3636.907958984375,0.0990627837233226,1,-1,0.3914233,0.26035786,0.34821886,0.3914233
2024-07-12,3878.136474609375,0.0270933676603872,1,0,0.2652757,0.5976034,0.13712093,0.5976034
2024-07-15,3864.46435546875,0.0343332672514471,1,0,0.08502354,0.8201339,0.09484253,0.8201339
2024-07-16,3873.038330078125,0.0329790818373589,1,0,0.13579836,0.84080297,0.02339871,0.84080297
2024-07-18,4000.1162109375,0.0039368973411173,0,0,0.072271906,0.90434104,0.02338703,0.90434104
2024-07-19,3997.190185546875,0.0198611805619559,0,0,0.14633779,0.7740613,0.0796009,0.7740613
2024-07-22,3983.208251953125,0.0218666973619297,1,0,0.26226768,0.7159587,0.021773601,0.7159587
2024-07-23,3997.14404296875,0.0146432065570254,0,0,0.3867539,0.57696664,0.036279503,0.57696664
2024-07-24,4000.767578125,0.018368728559412,0,-1,0.5585475,0.4163063,0.025146205,0.5585475
2024-07-25,4015.8642578125,0.0172586993236054,0,0,0.37593484,0.59201735,0.032047827,0.59201735
2024-07-26,4076.5791015625,-0.023884353192314,-1,0,0.48009157,0.48181516,0.038093302,0.48181516
2024-07-29,4070.307861328125,-0.0515968078418515,-1,-1,0.6557781,0.308851,0.035370905,0.6557781
2024-07-30,4055.675048828125,-0.0444753791601214,-1,-1,0.6063818,0.31577602,0.077842236,0.6063818
2024-07-31,4074.256591796875,-0.0421632589102869,-1,0,0.39788237,0.55323136,0.048886266,0.55323136
2024-08-01,4085.1728515625,-0.0510678743177798,-1,-1,0.5084729,0.44076204,0.050764993,0.5084729
2024-08-02,3979.212646484375,-0.0126778230740748,0,0,0.23036674,0.73763806,0.031995215,0.73763806
2024-08-05,3860.29296875,0.009771271509307,0,0,0.13422161,0.797552,0.06822639,0.797552
2024-08-06,3875.29736328125,0.0061733543885051,0,0,0.23875904,0.5775245,0.18371646,0.5775245
2024-08-07,3902.47265625,0.0225690117343471,1,-1,0.5289977,0.26876128,0.20224103,0.5289977
2024-08-08,3876.5517578125,0.0583575528851978,1,0,0.1877674,0.6720715,0.14016107,0.6720715
2024-08-09,3928.764892578125,0.0617794771772026,1,-1,0.5131256,0.29746395,0.18941042,0.5131256
2024-08-12,3898.012939453125,0.0780928609397026,1,1,0.29282454,0.18059249,0.52658296,0.52658296
2024-08-13,3899.220947265625,0.0844778250663427,1,1,0.28240716,0.23581743,0.4817754,0.4817754
2024-08-14,3990.547607421875,0.0481345596769415,1,-1,0.65371966,0.19089869,0.1553816,0.65371966
2024-08-16,4102.77783203125,0.0108357178450337,0,-1,0.7250961,0.18750592,0.087398,0.7250961
2024-08-19,4171.48193359375,0.0027728502041683,0,-1,0.7859406,0.16225423,0.051805213,0.7859406
2024-08-20,4202.419921875,-0.0057811742583212,0,-1,0.62031174,0.33701703,0.042671226,0.62031174
2024-08-21,4228.61865234375,-0.0099855534697711,0,-1,0.49976635,0.47141007,0.028823666,0.49976635
2024-08-22,4182.630859375,0.0021767381568214,0,-1,0.49952355,0.4404963,0.05998008,0.49952355
2024-08-23,4147.234375,0.0201280126439682,1,-1,0.73517394,0.23203333,0.032792784,0.73517394
2024-08-26,4183.048828125,0.004131023602047,0,-1,0.62548137,0.33182955,0.042689066,0.62548137
2024-08-27,4178.125,0.0033798850037396,0,-1,0.73995095,0.24296215,0.017086897,0.73995095
2024-08-28,4186.3935546875,-0.0059475836315892,0,-1,0.6622695,0.30555272,0.032177817,0.6622695
2024-08-29,4191.7353515625,-0.0079457880404077,0,-1,0.57744676,0.37443468,0.04811853,0.57744676
2024-08-30,4230.7099609375,-0.0213011861973705,-1,0,0.46910667,0.4740167,0.056876592,0.4740167
2024-09-02,4200.3291015625,-0.0158147717684882,0,-1,0.6346451,0.3364924,0.028862568,0.6346451
2024-09-03,4192.24658203125,-0.0009972371569026,0,-1,0.9055905,0.08036017,0.01404932,0.9055905
2024-09-04,4161.49462890625,2.2293297426312364e-05,0,-1,0.66556746,0.3104781,0.023954475,0.66556746
2024-09-05,4158.4287109375,0.0093276996950142,0,-1,0.6214923,0.31143117,0.067076504,0.6214923
2024-09-06,4140.5908203125,0.0147752398899518,0,-1,0.7799657,0.11593768,0.10409668,0.7799657
2024-09-09,4133.90185546875,0.0143161697336158,0,-1,0.78635156,0.16174257,0.051905897,0.78635156
2024-09-10,4188.06591796875,-0.000488156975987,0,-1,0.8830269,0.087060325,0.02991278,0.8830269
2024-09-11,4161.58740234375,-0.0297364251804924,-1,-1,0.79712266,0.11562271,0.087254606,0.79712266
2024-09-12,4197.21728515625,-0.0490405252456955,-1,-1,0.7394706,0.14840645,0.11212297,0.7394706
2024-09-13,4201.76904296875,-0.0525581382376726,-1,0,0.44053447,0.46892533,0.09054014,0.46892533
2024-09-16,4193.08349609375,-0.0542293478786156,-1,-1,0.48171443,0.31253904,0.20574647,0.48171443
2024-09-17,4186.021484375,-0.0520123593078339,-1,-1,0.38068804,0.27024996,0.349062,0.38068804
2024-09-18,4037.836669921875,-0.0164284022611069,0,-1,0.50839096,0.18215922,0.30944982,0.50839096
2024-09-19,3991.383544921875,-0.0008495473067074,0,1,0.14183596,0.088223174,0.76994085,0.76994085
2024-09-20,3980.931884765625,0.0055544935675724,0,0,0.16957366,0.45229325,0.3781331,0.45229325
2024-09-23,3965.6953125,0.0,0,0,0.11452716,0.61563534,0.2698375,0.61563534
2024-09-24,3968.296630859375,0.0038863937643467,0,0,0.13021094,0.6591454,0.2106437,0.6591454
2024-09-25,3971.50146484375,-0.0098250659145634,0,0,0.060177427,0.6746068,0.26521578,0.6746068
2024-09-26,3987.99267578125,-0.0093768415417913,0,0,0.1091369,0.6631817,0.22768138,0.6631817
2024-09-27,4003.0439453125,-0.0083206334437392,0,0,0.27444905,0.4323733,0.29317766,0.4323733
2024-09-30,3965.6953125,-0.0035726316909274,0,0,0.075050324,0.8031147,0.12183491,0.8031147
2024-10-01,3983.718994140625,-0.0081507292285194,0,0,0.14795925,0.7538626,0.098178156,0.7538626
2024-10-03,3932.481201171875,-0.0012640119229352,0,0,0.07699723,0.6818919,0.24111086,0.6818919
2024-10-04,3950.597900390625,-0.0242341803360089,-1,0,0.14177878,0.5028296,0.35539156,0.5028296
2024-10-07,3969.736083984375,-0.031875692303075,-1,0,0.09993516,0.8201574,0.079907425,0.8201574
2024-10-08,3951.52734375,-0.0320815181234312,-1,0,0.039413914,0.7296858,0.2309003,0.7296858
2024-10-09,3951.248779296875,-0.0371507227831391,-1,0,0.04045703,0.7202559,0.23928705,0.7202559
2024-10-10,3927.510498046875,-0.0280076257454505,-1,1,0.047519796,0.30957112,0.6429091,0.6429091
2024-10-11,3854.8583984375,-0.0038782735362107,0,1,0.03872067,0.36543202,0.5958473,0.5958473
2024-10-14,3843.197998046875,-0.0113246700380434,0,0,0.025577383,0.6440956,0.33032706,0.6440956
2024-10-15,3824.75634765625,-0.0222268294510692,-1,1,0.07237867,0.33828673,0.5893346,0.5893346
2024-10-16,3804.45703125,-0.0045861350944256,0,1,0.062796645,0.45799774,0.4792056,0.4792056
2024-10-17,3817.51025390625,-0.0124665190890915,0,1,0.031870395,0.36320868,0.60492086,0.60492086
2024-10-18,3839.908203125,-0.0158862414822131,0,1,0.027682066,0.25190476,0.7204132,0.7204132
2024-10-21,3799.675048828125,0.0026962497885272,0,1,0.02864159,0.24122852,0.73012984,0.73012984
2024-10-22,3739.744140625,0.0148798223683626,0,1,0.0061692744,0.051958043,0.94187266,0.94187266
2024-10-23,3787.00927734375,0.0045248746260053,0,1,0.054616097,0.36252266,0.58286124,0.58286124
2024-10-24,3769.919189453125,-0.0196275137228428,0,1,0.017978033,0.1633039,0.818718,0.818718
2024-10-25,3778.906494140625,-0.0180774486977046,0,1,0.029081166,0.15996803,0.8109508,0.8109508
2024-10-28,3809.919921875,-0.0309716514095861,-1,1,0.11027239,0.22186705,0.6678605,0.6678605
2024-10-29,3795.390869140625,-0.0254953694927434,-1,1,0.05228993,0.2257475,0.7219626,0.7219626
2024-10-30,3804.14501953125,0.0134651514095502,0,1,0.04674806,0.4616145,0.4916375,0.4916375
2024-10-31,3695.925048828125,0.0459750692753162,1,1,0.040082462,0.08322921,0.8766883,0.8766883
2024-11-01,3710.593505859375,0.0408614193249887,1,1,0.03380792,0.22781545,0.7383767,0.7383767
2024-11-04,3691.92041015625,0.0591678169694089,1,1,0.02097731,0.06922064,0.9098021,0.9098021
2024-11-05,3698.6259765625,0.0569202219046187,1,1,0.038521215,0.27839872,0.6830801,0.6830801
2024-11-06,3855.368408203125,0.0025847303903363,0,0,0.1279748,0.7285375,0.14348774,0.7285375
2024-11-07,3865.845458984375,-0.0012045215438716,0,0,0.26189795,0.61529094,0.1228111,0.61529094
2024-11-08,3862.213623046875,-0.0307450358974962,-1,-1,0.51135105,0.44373915,0.044909775,0.51135105
2024-11-11,3910.36328125,-0.0379045240361899,-1,-1,0.6614566,0.30414328,0.034400206,0.6614566
2024-11-12,3909.152587890625,-0.0296730760499276,-1,-1,0.7452391,0.22442675,0.030334113,0.7452391
2024-11-13,3865.33349609375,0.0227089931877695,1,-1,0.7993015,0.1372694,0.06342908,0.7993015
2024-11-14,3861.18896484375,0.0408114101228989,1,0,0.3397088,0.6104523,0.049838893,0.6104523
2024-11-18,3743.4697265625,0.0828957875341773,1,0,0.3583225,0.5094594,0.13221811,0.5094594
2024-11-19,3762.142822265625,0.0725326460795534,1,-1,0.4861653,0.4450687,0.06876606,0.4861653
2024-11-21,3793.156005859375,0.0422431513583232,1,-1,0.5291622,0.4085576,0.06228018,0.5291622
2024-11-22,3953.111328125,0.0061842481668661,0,0,0.36429048,0.58709204,0.048617464,0.58709204
2024-11-25,4018.76953125,-0.0089105807222943,0,0,0.37006235,0.5289839,0.10095376,0.5289839
2024-11-26,4053.78759765625,-0.0114756321760718,0,0,0.30129454,0.66480285,0.033902615,0.66480285
2024-11-27,4035.02099609375,0.0050433079617988,0,-1,0.5357258,0.42586273,0.03841155,0.5357258
2024-11-28,3953.390869140625,0.0516265303056138,1,-1,0.6127945,0.31357217,0.07363327,0.6127945
2024-11-29,3977.558349609375,0.0408935532414249,1,-1,0.4592097,0.44896373,0.09182659,0.4592097
2024-12-02,3982.9599609375,0.0410368780481107,1,0,0.4212349,0.5412686,0.037496474,0.5412686
2024-12-03,4007.267822265625,0.0301666850556991,1,-1,0.48183486,0.4466804,0.07148475,0.48183486
2024-12-04,4055.370849609375,0.0167761346097801,0,-1,0.5642885,0.36012995,0.075581506,0.5642885
2024-12-05,4157.49072265625,-0.0020383952581823,0,-1,0.56642884,0.38772744,0.04584369,0.56642884
2024-12-06,4140.21484375,0.0063884865953702,0,0,0.37930253,0.5932345,0.027462987,0.5932345
2024-12-09,4146.408203125,-0.0082993752593665,0,0,0.24454264,0.7315375,0.023919858,0.7315375
2024-12-10,4128.15380859375,-0.0234740626218661,-1,0,0.25831914,0.71001095,0.0316699,0.71001095
2024-12-11,4123.404296875,-0.0179789009290052,0,0,0.2508726,0.724675,0.024452358,0.724675
2024-12-12,4149.01611328125,-0.0410892548532249,-1,0,0.41781124,0.53741163,0.044777054,0.53741163
2024-12-13,4166.66455078125,-0.0678603860228522,-1,-1,0.49368218,0.46178463,0.044533163,0.49368218
2024-12-16,4111.99560546875,-0.058185446614546,-1,0,0.47850794,0.49775934,0.023732744,0.49775934
2024-12-17,4031.249267578125,-0.0344229108084261,-1,-1,0.61429155,0.30504972,0.08065873,0.61429155
2024-12-18,4049.27001953125,-0.0411120711017429,-1,-1,0.57536316,0.32484165,0.09979518,0.57536316
2024-12-19,3978.5361328125,-0.0250590264507718,-1,1,0.26910177,0.35127476,0.37962347,0.37962347
2024-12-20,3883.9130859375,-0.0027575181783231,0,1,0.1980997,0.1622653,0.639635,0.639635
2024-12-23,3872.7373046875,-0.0152705725596322,0,1,0.13373151,0.06920446,0.79706407,0.79706407
2024-12-24,3892.48193359375,-0.0160424812304067,0,-1,0.46939448,0.39802358,0.1325819,0.46939448
2024-12-26,3882.796142578125,0.0015948885096535,0,0,0.38971657,0.41204053,0.19824286,0.41204053
2024-12-27,3878.837890625,-0.0155948745320284,0,-1,0.45325065,0.3787493,0.16800004,0.45325065
2024-12-30,3873.203125,-0.0153409090909091,0,0,0.16584995,0.50002414,0.33412597,0.50002414
2024-12-31,3813.598388671875,-0.0162401341980176,0,1,0.08115651,0.41706014,0.5017833,0.5017833
2025-01-01,3830.036865234375,-0.0009849672653918,0,0,0.052947264,0.62394136,0.3231114,0.62394136
2025-01-02,3888.98876953125,-0.0327844328105356,-1,0,0.16879229,0.74875754,0.08245015,0.74875754
2025-01-03,3818.347900390625,0.0404278708510186,1,0,0.11079376,0.47791162,0.41129464,0.47791162
2025-01-06,3813.78466796875,0.0478877442808398,1,0,0.06816821,0.63605326,0.29577857,0.63605326
2025-01-07,3751.6650390625,0.0508279526928798,1,1,0.05956111,0.32578698,0.6146519,0.6146519
2025-01-08,3826.264404296875,0.0343686175532125,1,0,0.07531689,0.7496868,0.17499633,0.7496868
2025-01-09,3761.490478515625,0.0414598108075743,1,1,0.075128436,0.20069923,0.72417235,0.72417235
2025-01-10,3972.715576171875,-0.015346009766447,0,0,0.15243404,0.5106255,0.3369405,0.5106255
2025-01-13,3996.418212890625,-0.0322216628427469,-1,0,0.20296128,0.6566176,0.14042117,0.6566176
2025-01-14,3942.3544921875,-0.0290423810327099,-1,0,0.27961227,0.60002345,0.12036431,0.60002345
2025-01-15,3957.767822265625,-0.0038864927474938,0,-1,0.653807,0.31958243,0.026610589,0.653807
2025-01-16,3917.441162109375,0.0036681783981504,0,0,0.44213203,0.49037158,0.06749646,0.49037158
2025-01-17,3911.750244140625,0.0068012359347267,0,-1,0.5380086,0.41679078,0.045200683,0.5380086
2025-01-20,3867.64697265625,-0.0031022197993899,0,-1,0.4749512,0.42681998,0.09822884,0.4749512
2025-01-21,3827.859130859375,0.0011025000397029,0,0,0.43480492,0.46082526,0.10436981,0.46082526
2025-01-22,3942.385986328125,-0.0136650868438117,0,-1,0.52634335,0.40826035,0.06539627,0.52634335
2025-01-23,3931.81103515625,-0.0109518352967562,0,-1,0.48623556,0.45554146,0.058223005,0.48623556
2025-01-24,3938.35498046875,-0.0096209887957116,0,0,0.41805488,0.48212868,0.09981646,0.48212868
2025-01-27,3855.648681640625,0.0019679932617127,0,-1,0.5592352,0.3541691,0.08659569,0.5592352
2025-01-28,3832.079345703125,0.0070168589244898,0,-1,0.56503296,0.37918898,0.055778064,0.56503296
2025-01-29,3888.512939453125,0.0017683419883622,0,-1,0.6362791,0.33040664,0.033314243,0.6362791
2025-01-30,3888.75048828125,-0.0021829669189259,0,-1,0.71997845,0.22470765,0.055313896,0.71997845
2025-01-31,3900.464111328125,-0.0072099292570915,0,0,0.41858023,0.51147884,0.069940925,0.51147884
2025-02-01,3863.236572265625,-0.0107410873116138,0,-1,0.6282442,0.25045848,0.12129729,0.6282442
2025-02-03,3858.968505859375,-0.0077913064603527,0,-1,0.6101748,0.32865348,0.061171733,0.6101748
2025-02-04,3895.38916015625,-0.0349398960133782,-1,-1,0.7372672,0.23178828,0.030944478,0.7372672
2025-02-05,3880.261474609375,-0.0344528419105334,-1,-1,0.48868838,0.42326388,0.088047706,0.48868838
2025-02-06,3872.342041015625,-0.0422755326186756,-1,-1,0.6876031,0.2564403,0.055956606,0.6876031
2025-02-07,3821.7412109375,-0.0234649592956417,-1,0,0.20883371,0.7090982,0.08206807,0.7090982
2025-02-10,3828.902099609375,-0.0328094112017949,-1,0,0.17801072,0.7659602,0.056029096,0.7659602
2025-02-11,3759.28466796875,-0.0227950588484371,-1,0,0.29648703,0.45462382,0.2488891,0.45462382
2025-02-12,3746.575439453125,-0.0420362397353364,-1,0,0.12333016,0.6348499,0.24181992,0.6348499
2025-02-13,3708.63671875,-0.0334385608550985,-1,0,0.11379708,0.46115556,0.42504737,0.46115556
2025-02-14,3732.064208984375,-0.0378285857455596,-1,0,0.06885861,0.65658134,0.2745601,0.65658134
2025-02-17,3703.278076171875,-0.0586245544834084,-1,0,0.029417276,0.6908573,0.27972546,0.6908573
2025-02-18,3673.591552734375,-0.0629066956796992,-1,0,0.021112407,0.60267854,0.37620905,0.60267854
2025-02-19,3589.08349609375,-0.0453346145259544,-1,1,0.024717813,0.17418912,0.80109304,0.80109304
2025-02-20,3584.625244140625,-0.0783590127787094,-1,1,0.017038906,0.3165613,0.6663998,0.6663998
2025-02-21,3590.885498046875,-0.0773772328174352,-1,1,0.012871962,0.2995736,0.6875544,0.6875544
2025-02-24,3486.175048828125,-0.0390549360955834,-1,1,0.017565249,0.075880915,0.9065538,0.9065538
2025-02-25,3442.498046875,-0.0227301610896429,-1,1,0.008314626,0.4595518,0.5321335,0.5321335
2025-02-27,3426.373779296875,-0.0030310464402999,0,1,0.008490623,0.36490026,0.62660915,0.62660915
2025-02-28,3303.737548828125,0.0367329290652329,1,1,0.019506061,0.17072469,0.8097693,0.8097693
2025-03-03,3313.03271484375,0.0276548243789214,1,1,0.007397076,0.24798863,0.7446143,0.7446143
2025-03-04,3350.022705078125,0.0122449904687416,0,1,0.0076724556,0.15178037,0.8405472,0.8405472
2025-03-05,3364.24951171875,-0.0115165741337823,0,1,0.01094413,0.092246406,0.8968095,0.8968095
2025-03-06,3415.98828125,-0.0251416392126637,-1,1,0.007920714,0.102469966,0.8896094,0.8896094
2025-03-07,3425.093505859375,-0.0314300554779276,-1,1,0.010286242,0.07652923,0.9131845,0.9131845
2025-03-10,3404.654052734375,-0.0256153560480566,-1,1,0.023495484,0.19242342,0.7840811,0.7840811
2025-03-11,3391.043701171875,-0.0218722990356533,-1,1,0.019140117,0.08283823,0.89802164,0.89802164
2025-03-12,3325.5048828125,0.0162426875383407,0,1,0.018526956,0.10101869,0.88045436,0.88045436
2025-03-13,3330.104736328125,0.0190969881545668,0,1,0.012160161,0.20524746,0.78259236,0.78259236
2025-03-17,3317.442626953125,0.0375247134563734,1,1,0.008961501,0.08475361,0.90628487,0.90628487
2025-03-18,3317.442626953125,0.0457587422069589,1,1,0.028504042,0.28465202,0.68684393,0.68684393
2025-03-19,3316.873779296875,0.0396614434876119,1,1,0.031899378,0.10505741,0.8630432,0.8630432
2025-03-20,3379.52001953125,0.0247111904672807,1,1,0.043013286,0.292048,0.6649387,0.6649387
2025-03-21,3393.69970703125,0.0078392333449923,0,0,0.15515995,0.44149917,0.40334082,0.44149917
2025-03-24,3441.9287109375,-0.0215351812366737,-1,0,0.29682386,0.58506966,0.11810648,0.58506966
2025-03-25,3469.24462890625,-0.0311120472263738,-1,0,0.2557036,0.570671,0.17362535,0.570671
2025-03-26,3448.42578125,-0.0639887341030837,-1,0,0.20012915,0.74802065,0.051850207,0.74802065
2025-03-27,3463.031982421875,-0.0963518903169421,-1,0,0.2719592,0.61475325,0.113287576,0.61475325
2025-03-28,3420.3037109375,-0.0920927303661983,-1,0,0.22197945,0.6200361,0.1579844,0.6200361
2025-04-01,3367.80615234375,-0.0726173859878123,-1,0,0.15429652,0.6292876,0.21641585,0.6292876
2025-04-02,3361.309326171875,-0.0839033600057176,-1,0,0.16567086,0.6514672,0.1828619,0.6514672
2025-04-03,3227.765380859375,-0.0504384450500331,-1,1,0.026047677,0.19070746,0.78324485,0.78324485
2025-04-04,3129.3623046875,-0.0155178692743598,0,1,0.013615012,0.18760598,0.798779,0.798779
2025-04-07,3105.318603515625,-7.618292865574361e-05,0,1,0.015264184,0.31478247,0.66995335,0.66995335
2025-04-08,3123.244873046875,0.0018068741889487,0,1,0.013608995,0.14408496,0.842306,0.842306
2025-04-09,3079.2841796875,0.0231009134567661,1,1,0.013151854,0.12915939,0.8576888,0.8576888
2025-04-11,3064.9619140625,0.0256535642106585,1,1,0.019627409,0.14293586,0.83743674,0.83743674
2025-04-15,3080.80126953125,0.0507357895205644,1,1,0.023876783,0.07928052,0.89684266,0.89684266
2025-04-16,3105.08203125,0.0390371725535632,1,1,0.044334583,0.13522632,0.8204391,0.8204391
2025-04-17,3128.88818359375,0.045196890181794,1,1,0.025336787,0.19273193,0.7819313,0.7819313
2025-04-21,3150.41845703125,0.0366991488140913,1,1,0.03986358,0.1114438,0.84869266,0.84869266
2025-04-22,3143.589111328125,0.0477009377266062,1,1,0.05633413,0.20903678,0.73462903,0.73462903
2025-04-23,3237.108154296875,0.0119250075136536,0,0,0.052484866,0.84519714,0.10231795,0.84519714
2025-04-24,3226.295654296875,0.0086428909412681,0,0,0.06911865,0.8641117,0.06676967,0.8641117
2025-04-25,3270.30419921875,0.0018271516754626,0,0,0.15771528,0.735742,0.10654275,0.735742
2025-04-28,3266.0361328125,0.004791711330601,0,0,0.18310294,0.7602192,0.056677796,0.7602192
2025-04-29,3293.541259765625,-0.0078904579534474,0,0,0.2435159,0.5980886,0.15839551,0.5980886
2025-04-30,3275.710693359375,-0.0013899208269079,0,0,0.15192081,0.76006025,0.08801897,0.76006025
2025-05-02,3254.18017578125,0.0027106061449508,0,0,0.22472608,0.6910209,0.084253006,0.6910209
2025-05-05,3276.279541015625,0.0480849673996495,1,-1,0.5770375,0.2051958,0.21776667,0.5770375
2025-05-06,3281.68603515625,0.0158959531121831,0,0,0.32586974,0.44663522,0.22749501,0.44663522
2025-05-07,3267.5537109375,0.0300717279716673,1,0,0.23911436,0.6220885,0.13879713,0.6220885
2025-05-08,3271.15771484375,0.0379831210011865,1,0,0.18842974,0.6952994,0.116270825,0.6952994
2025-05-09,3263.0009765625,0.0351713532973414,1,0,0.14065427,0.7632489,0.096096806,0.7632489
2025-05-12,3433.8193359375,-0.0280631448843946,-1,0,0.13170952,0.7776803,0.09061019,0.7776803
2025-05-13,3333.8515625,-0.0047509947672197,0,0,0.12957901,0.7063021,0.16411893,0.7063021
2025-05-14,3365.814697265625,-0.0064531094717633,0,0,0.12123743,0.762881,0.11588157,0.762881
2025-05-15,3395.406494140625,-0.0287438113806243,-1,0,0.086738594,0.79598504,0.117276385,0.79598504
2025-05-16,3377.76513671875,-0.0131130990335898,0,0,0.33215907,0.6127493,0.055091634,0.6127493
2025-05-19,3337.45556640625,0.0052575606329028,0,0,0.40797895,0.43749118,0.15452985,0.43749118
2025-05-20,3318.012451171875,0.0001141231731187,0,-1,0.4145708,0.3046108,0.28081837,0.4145708
2025-05-21,3344.0947265625,-0.0079698997153623,0,0,0.25316104,0.51908827,0.22775069,0.51908827
2025-05-22,3297.8095703125,0.0060685552110968,0,-1,0.5125324,0.31462547,0.17284213,0.5125324
2025-05-23,3333.47216796875,-0.0145678502745955,0,0,0.34145197,0.48677793,0.17177007,0.48677793
2025-05-26,3355.00244140625,-0.0247364847705116,-1,-1,0.509866,0.3192107,0.17092326,0.509866
2025-05-27,3318.39111328125,-0.0267241411022407,-1,-1,0.5088728,0.29497638,0.1961508,0.5088728
2025-05-28,3317.442626953125,-0.0248017312022266,-1,-1,0.4702094,0.3512018,0.17858881,0.4702094
2025-05-29,3317.822509765625,-0.02773977337858,-1,-1,0.47888044,0.34669417,0.17442536,0.47888044
2025-05-30,3284.91064453125,-0.0141826150201181,0,0,0.31744325,0.4952824,0.18727432,0.4952824
2025-06-02,3272.011474609375,0.0007289870236579,0,0,0.28159148,0.5595839,0.1588246,0.5595839
2025-06-03,3229.7099609375,0.0259836575882546,1,0,0.16611639,0.4906079,0.34327573,0.4906079
2025-06-04,3235.164306640625,0.0269158349264555,1,0,0.23448345,0.63156414,0.13395238,0.63156414
2025-06-05,3225.786865234375,0.0187178016386051,0,0,0.29449698,0.53677535,0.16872768,0.53677535
2025-06-06,3238.322021484375,0.0181726451423598,0,0,0.21263878,0.6352556,0.15210563,0.6352556
2025-06-09,3274.396728515625,0.0217423608490621,1,0,0.42481646,0.5320963,0.043087233,0.5320963
2025-06-10,3313.629638671875,0.0151317795736964,0,-1,0.49657273,0.39209637,0.11133093,0.49657273
2025-06-11,3322.241455078125,-0.0059045109161214,0,0,0.42818817,0.48618507,0.08562676,0.48618507
2025-06-12,3286.16650390625,-0.0029701032782873,0,-1,0.4221392,0.41815615,0.15970464,0.4221392
2025-06-13,3297.1708984375,-0.002902138818702,0,0,0.29328132,0.59873456,0.10798405,0.59873456
2025-06-16,3345.58984375,-0.0293738783916793,-1,0,0.28659576,0.6486455,0.06475876,0.6486455
2025-06-17,3363.770751953125,-0.0355304704853859,-1,0,0.22154598,0.6652006,0.11325338,0.6652006
2025-06-18,3302.625244140625,-0.0019121714030615,0,-1,0.59697,0.27189717,0.13113283,0.59697
2025-06-19,3276.40625,0.0051987457675617,0,-1,0.59031475,0.3065364,0.10314883,0.59031475
2025-06-20,3287.60205078125,0.0015718083846316,0,-1,0.46255398,0.27584755,0.2615985,0.46255398
2025-06-23,3247.31689453125,0.0201555370607193,1,-1,0.49339446,0.32997718,0.17662835,0.49339446
2025-06-24,3244.25439453125,0.0115916314193076,0,-1,0.39626378,0.37308374,0.2306524,0.39626378
2025-06-25,3296.31005859375,-0.0062414427353739,0,0,0.43873534,0.4971898,0.064074844,0.4971898
2025-06-26,3293.439453125,-0.0119124431205266,0,-1,0.5488335,0.3406605,0.11050595,0.5488335
2025-06-27,3292.76953125,-0.0061899504003207,0,-1,0.5998742,0.28182825,0.11829756,0.5998742
2025-06-30,3312.768310546875,-0.0145291150134581,0,0,0.4182837,0.44870985,0.13300645,0.44870985
2025-07-01,3281.860595703125,-0.0068518499645267,0,-1,0.483233,0.24041875,0.27634826,0.483233
2025-07-02,3275.736328125,-0.0115385108429223,0,-1,0.45028627,0.40614966,0.14356406,0.45028627
2025-07-03,3254.20654296875,-0.0055281512885591,0,-1,0.685791,0.23692526,0.07728375,0.685791
2025-07-04,3272.387451171875,-0.0449734062216705,-1,-1,0.4969539,0.3531416,0.14990453,0.4969539
2025-07-07,3264.63671875,-0.0553975964017818,-1,0,0.4149471,0.4154304,0.16962256,0.4154304
2025-07-08,3259.373779296875,-0.0451822586522721,-1,0,0.37775806,0.49576217,0.12647977,0.49576217
2025-07-09,3237.939208984375,-0.0412931884617788,-1,-1,0.70613045,0.18247749,0.11139207,0.70613045
2025-07-10,3236.216796875,-0.0478737047683596,-1,-1,0.5258112,0.33345363,0.14073518,0.5258112
2025-07-11,3125.217041015625,-0.0199861119020717,0,0,0.08111335,0.69215596,0.2267307,0.69215596
2025-07-14,3083.78369140625,-0.0166885463889433,0,0,0.06727703,0.5584659,0.37425706,0.5584659
2025-07-15,3112.10791015625,-0.0252060178891134,-1,0,0.021775544,0.8110269,0.16719764,0.8110269
2025-07-16,3104.234375,-0.0167022363606162,0,0,0.016247261,0.8140709,0.16968186,0.8140709
2025-07-17,3081.287109375,-0.0190701145206795,0,0,0.011161386,0.8149224,0.17391628,0.8149224
2025-07-18,3062.756103515625,-0.0169596786748301,0,0,0.013426438,0.757084,0.22948952,0.757084
2025-07-21,3032.31982421875,-0.0249825649484854,-1,1,0.008034456,0.47322255,0.518743,0.518743
2025-07-22,3033.6640625,-0.0327889644587171,-1,0,0.019284686,0.67478806,0.30592728,0.67478806
2025-07-23,3052.38671875,-0.0394765846654321,-1,0,0.015346293,0.5921731,0.39248058,0.5921731
2025-07-24,3022.526611328125,-0.0353240305198537,-1,0,0.018210977,0.5565718,0.42521724,0.5565718
2025-07-25,3010.812744140625,-0.0423497211263862,-1,0,0.012722629,0.52544916,0.4618282,0.52544916
2025-07-28,2956.564697265625,-0.0015914003604763,0,1,0.01969036,0.47928455,0.5010251,0.5010251
2025-07-29,2934.193359375,0.0025850242327301,0,1,0.014823363,0.43666282,0.54851377,0.54851377
2025-07-30,2931.888916015625,-0.0069752586743777,0,1,0.025437916,0.40839902,0.56616306,0.56616306
2025-07-31,2915.7587890625,0.0033587184671657,0,1,0.02691619,0.31685737,0.65622646,0.65622646
2025-08-01,2883.3056640625,0.0111222504280263,0,1,0.03317584,0.34985623,0.6169679,0.6169679
2025-08-04,2951.859619140625,-0.0109288727138951,0,0,0.082539186,0.5112269,0.40623388,0.5112269
2025-08-05,2941.7783203125,-0.0093018612187502,0,1,0.04009087,0.26300895,0.6969001,0.6969001
2025-08-06,2911.438232421875,0.0012860945232935,0,1,0.026631413,0.3415321,0.6318365,0.6318365
2025-08-07,2925.552001953125,-0.0081063594685865,0,1,0.039783843,0.13277768,0.82743853,0.82743853
2025-08-08,2915.37451171875,-0.0082992962116419,0,1,0.019239232,0.059140623,0.9216202,0.9216202
2025-08-11,2919.59912109375,-0.0080899410453229,0,1,0.015106199,0.10495483,0.879939,0.879939
2025-08-12,2914.414306640625,0.0208209615444381,1,1,0.020964386,0.1260689,0.8529667,0.8529667
2025-08-13,2915.1826171875,0.0218695260233414,1,1,0.032106478,0.2051165,0.762777,0.762777
2025-08-14,2901.83642578125,0.0104887109304603,0,1,0.030940793,0.32828203,0.6407772,0.6407772
2025-08-18,2891.178955078125,0.0429729302720618,1,1,0.01908145,0.24301592,0.73790264,0.73790264
2025-08-19,2895.979736328125,0.0467476085052915,1,1,0.021861471,0.19828352,0.779855,0.779855
2025-08-20,2975.09521484375,-0.0015813241271328,0,0,0.032812357,0.9026059,0.064581715,0.9026059
2025-08-21,2978.936279296875,-0.0057695130433628,0,-1,0.5063686,0.41656798,0.07706348,0.5063686
2025-08-22,2932.27294921875,0.0191879832714296,0,0,0.07820958,0.8870843,0.03470608,0.8870843
2025-08-25,3015.42138671875,-0.0092657648678675,0,0,0.22161531,0.70896035,0.06942433,0.70896035
2025-08-26,3031.35986328125,-0.0189092695577238,0,0,0.24357438,0.6483763,0.108049355,0.6483763
2025-08-28,2970.390625,0.0006464355224744,0,-1,0.8579686,0.0596237,0.08240772,0.8579686
2025-08-29,2961.749267578125,-0.0118001125186243,0,-1,0.7396536,0.19086659,0.069479845,0.7396536
2025-09-01,2988.537353515625,-0.0300713607142656,-1,0,0.44793138,0.48666012,0.065408565,0.48666012
2025-09-02,2987.481201171875,-0.0199582028619916,0,-1,0.46841103,0.3847691,0.1468199,0.46841103
2025-09-03,2974.0390625,0.0040355734651686,0,0,0.4221497,0.5061663,0.071684025,0.5061663
2025-09-04,2972.310791015625,0.0092063918400504,0,0,0.13162239,0.8007486,0.06762902,0.8007486
2025-09-05,2926.80029296875,0.027917179046617,1,-1,0.4489263,0.4325,0.11857366,0.4489263
2025-09-08,2898.66796875,0.0307718119448723,1,-1,0.41943464,0.3141625,0.2664029,0.41943464
2025-09-09,2927.8564453125,0.0315799041067332,1,0,0.36094096,0.45281345,0.18624555,0.45281345
2025-09-10,2986.041015625,0.020192997626325,1,0,0.275614,0.5956106,0.1287754,0.5956106
2025-09-11,2999.675048828125,0.0168043104278303,0,0,0.089896716,0.76836777,0.14173552,0.76836777
2025-09-12,3008.50830078125,0.0114252790547642,0,0,0.046022203,0.8343035,0.119674325,0.8343035
2025-09-15,2987.865234375,-0.0122432894252598,0,0,0.16406657,0.65073246,0.18520096,0.65073246
2025-09-16,3020.31787109375,-0.0264805691790188,-1,0,0.08359915,0.8308475,0.08555335,0.8308475
2025-09-17,3046.338134765625,-0.0433057074720136,-1,0,0.11150061,0.7927138,0.095785506,0.7927138
2025-09-18,3050.08251953125,-0.0690339768919545,-1,0,0.18813084,0.6571445,0.15472464,0.6571445
2025-09-19,3042.88134765625,-0.0852265333038289,-1,0,0.045412775,0.7354506,0.21913657,0.7354506
2025-09-22,2951.283935546875,-0.0578111734506441,-1,0,0.20043273,0.42057934,0.3789879,0.42057934
2025-09-23,2940.338134765625,-0.056818275228596,-1,0,0.17322394,0.57418966,0.25258642,0.57418966
2025-09-24,2914.414306640625,-0.0399288256168135,-1,0,0.10414595,0.7714951,0.12435893,0.7714951
2025-09-25,2839.523193359375,-0.0187665612530024,0,0,0.12447571,0.4670482,0.40847608,0.4670482
2025-09-26,2783.547119140625,0.0308025964159341,1,0,0.14662386,0.47507918,0.378297,0.47507918
2025-09-29,2780.666748046875,0.0267945059756649,1,0,0.079326585,0.55505514,0.36561826,0.55505514
2025-09-30,2773.273193359375,0.0480545194270751,1,0,0.035394136,0.65234953,0.31225634,0.65234953
2025-10-01,2798.045166015625,0.0506142114249861,1,0,0.048129372,0.8340878,0.117782824,0.8340878
2025-10-03,2786.235107421875,0.0435577242651186,1,0,0.015698828,0.7994576,0.1848436,0.7994576
2025-10-06,2869.28759765625,0.0062909473153265,0,0,0.064949416,0.8738979,0.061152656,0.8738979
2025-10-07,2855.17333984375,-0.004506109130647,0,0,0.12883978,0.47985828,0.39130193,0.47985828
2025-10-08,2906.54150390625,-0.0153024805811647,0,0,0.055553626,0.657165,0.28728133,0.657165
2025-10-09,2939.666015625,-0.0261031759161628,-1,0,0.165794,0.6483523,0.18585363,0.6483523
2025-10-10,2907.59716796875,-0.0181790732420908,0,0,0.074129745,0.5424717,0.38339856,0.5424717
2025-10-13,2887.338134765625,0.006399929243869,0,0,0.23840183,0.48683992,0.2747583,0.48683992
2025-10-14,2842.3076171875,0.0194622237996402,0,0,0.14542422,0.45245558,0.4021202,0.45245558
2025-10-15,2862.064208984375,0.0348171524134364,1,0,0.28589112,0.39177918,0.3223297,0.39177918
2025-10-16,2862.931396484375,0.0311374164322773,1,-1,0.35429814,0.34767786,0.29802403,0.35429814
2025-10-17,2854.73974609375,0.0414218267420187,1,-1,0.46849754,0.38044298,0.15105945,0.46849754
2025-10-20,2905.81689453125,0.0141616366551937,0,0,0.2906593,0.59256876,0.11677196,0.59256876
2025-10-21,2897.625244140625,0.0169290197817397,0,1,0.32579154,0.27437475,0.3998337,0.3998337
2025-10-23,2961.713134765625,-0.0123325214033229,0,0,0.03166299,0.6919429,0.2763942,0.6919429
2025-10-24,2952.07568359375,-0.0016976104770031,0,0,0.07158309,0.83174473,0.096672215,0.83174473
2025-10-27,2972.98828125,-0.0220752281282642,-1,0,0.02843634,0.8874545,0.08410909,0.8874545
2025-10-28,2946.968017578125,-0.0221394125202006,-1,0,0.1244892,0.6715619,0.20394893,0.6715619
2025-10-29,2946.67919921875,-0.0152735824341456,0,0,0.059759296,0.53943175,0.40080896,0.53943175
2025-10-30,2925.187744140625,-0.0143313450851052,0,0,0.09944402,0.5744378,0.3261182,0.5744378
2025-10-31,2947.064208984375,-0.0107259649537017,0,0,0.09730314,0.6476672,0.25502965,0.6476672
2025-11-03,2907.35888671875,0.0100106293448853,0,1,0.115153566,0.42494237,0.45990407,0.45990407
2025-11-04,2881.723876953125,0.0473546878856099,1,0,0.15255667,0.47389174,0.3735516,0.47389174
2025-11-06,2901.6728515625,0.0314856597066683,1,0,0.102465324,0.5967699,0.30076474,0.5967699
2025-11-07,2883.265869140625,0.0381709956352562,1,0,0.15764783,0.62861115,0.213741,0.62861115
2025-11-10,2915.4541015625,0.0254529087148396,1,0,0.07372815,0.76436573,0.16190612,0.76436573
2025-11-11,2936.46337890625,0.0131605618139512,0,0,0.13976113,0.67835855,0.18188027,0.67835855
2025-11-12,3018.18701171875,0.0050768882071854,0,0,0.026060442,0.8183571,0.15558243,0.8183571
2025-11-13,2993.033935546875,0.0125897806160741,0,0,0.058735896,0.64420754,0.2970566,0.64420754
2025-11-14,2993.322998046875,0.0143593517179472,0,0,0.046319254,0.59294283,0.36073795,0.59294283
2025-11-17,2989.660888671875,0.0125717285263151,0,0,0.08699601,0.6309916,0.28201246,0.6309916
2025-11-18,2975.10888671875,0.0103980405128947,0,0,0.1667131,0.6437165,0.18957037,0.6437165
2025-11-19,3033.510009765625,0.0048290349245894,0,0,0.087305196,0.6912294,0.22146536,0.6912294
2025-11-20,3030.715576171875,-0.0026074990186333,0,0,0.06378981,0.7277794,0.20843081,0.7277794
2025-11-21,3036.30517578125,-0.0041580141880012,0,0,0.031145912,0.64266145,0.3261926,0.64266145
2025-11-24,3027.24609375,-0.0024831446175682,0,0,0.090444975,0.5098813,0.39967367,0.5098813
2025-11-25,3006.044189453125,0.0052897982149733,0,1,0.28208327,0.30635643,0.4115603,0.4115603
2025-11-26,3048.158935546875,0.0054063756306537,0,0,0.15603292,0.5793395,0.26462752,0.5793395
2025-11-27,3022.81298828125,0.0295223286592951,1,0,0.22152987,0.42319497,0.35527515,0.42319497
2025-11-28,3023.68017578125,0.0320956150644884,1,0,0.08776685,0.78423315,0.12799996,0.78423315
2025-12-01,3019.72900390625,0.0329034886945469,1,0,0.13499856,0.6386997,0.22630168,0.6386997
2025-12-02,3021.945556640625,0.023152817091832,1,0,0.1171238,0.71772903,0.16514719,0.71772903
2025-12-03,3064.638427734375,0.002893148828875,0,0,0.16315785,0.5305246,0.30631757,0.5305246
2025-12-04,3112.053466796875,-0.0115507440944205,0,0,0.075919196,0.6125869,0.31149396,0.6125869
2025-12-05,3120.72705078125,-0.0054659895115962,0,0,0.043326262,0.73754615,0.21912763,0.73754615
2025-12-08,3119.088623046875,-0.0019464945682015,0,0,0.12888773,0.65742725,0.21368502,0.65742725
2025-12-09,3091.912109375,-0.0009974359768019,0,0,0.31460705,0.4763905,0.20900242,0.4763905
2025-12-10,3073.5048828125,0.0089676954845614,0,0,0.2532521,0.62550133,0.12124654,0.62550133
2025-12-11,3076.10693359375,0.0278516990914252,1,0,0.1154017,0.56126934,0.32332897,0.56126934
2025-12-12,3103.669189453125,0.0190964433871232,0,0,0.2794599,0.60502946,0.11551069,0.60502946
2025-12-15,3113.017333984375,0.0293171025555099,1,0,0.10733078,0.82953495,0.063134305,0.82953495
2025-12-16,3088.828125,0.0327289943597137,1,0,0.12095414,0.8278943,0.05115155,0.8278943
2025-12-17,3101.067138671875,0.0314500796766108,1,0,0.078429796,0.8057891,0.11578108,0.8057891
2025-12-18,3161.78173828125,-0.0002438486137151,0,0,0.18171974,0.69690126,0.12137904,0.69690126
2025-12-19,3162.938232421875,-0.0092931168829665,0,0,0.21426606,0.717339,0.06839492,0.717339
2025-12-22,3204.281982421875,-0.0234894575808326,-1,0,0.026055314,0.9439197,0.030024944,0.9439197
2025-12-23,3189.92236328125,-0.0313595167642972,-1,0,0.12384314,0.8030045,0.07315233,0.8030045
